time,detector_id,vehicle_count,occupancy,mean_speed,vehicle_ids
1.0,det_east_0,0,0.0,-1.0,[]
1.0,det_east_1,0,0.0,-1.0,[]
1.0,det_east_2,0,0.0,-1.0,[]
1.0,det_west_0,0,0.0,-1.0,[]
1.0,det_west_1,0,0.0,-1.0,[]
1.0,det_west_2,0,0.0,-1.0,[]
1.0,det_north_0,0,0.0,-1.0,[]
1.0,det_north_1,0,0.0,-1.0,[]
1.0,det_north_2,0,0.0,-1.0,[]
1.0,det_south_0,0,0.0,-1.0,[]
1.0,det_south_1,0,0.0,-1.0,[]
1.0,det_south_2,0,0.0,-1.0,[]
2.0,det_east_0,0,0.0,-1.0,[]
2.0,det_east_1,0,0.0,-1.0,[]
2.0,det_east_2,0,0.0,-1.0,[]
2.0,det_west_0,0,0.0,-1.0,[]
2.0,det_west_1,0,0.0,-1.0,[]
2.0,det_west_2,0,0.0,-1.0,[]
2.0,det_north_0,0,0.0,-1.0,[]
2.0,det_north_1,0,0.0,-1.0,[]
2.0,det_north_2,0,0.0,-1.0,[]
2.0,det_south_0,0,0.0,-1.0,[]
2.0,det_south_1,0,0.0,-1.0,[]
2.0,det_south_2,0,0.0,-1.0,[]
3.0,det_east_0,0,0.0,-1.0,[]
3.0,det_east_1,0,0.0,-1.0,[]
3.0,det_east_2,0,0.0,-1.0,[]
3.0,det_west_0,0,0.0,-1.0,[]
3.0,det_west_1,0,0.0,-1.0,[]
3.0,det_west_2,0,0.0,-1.0,[]
3.0,det_north_0,0,0.0,-1.0,[]
3.0,det_north_1,0,0.0,-1.0,[]
3.0,det_north_2,0,0.0,-1.0,[]
3.0,det_south_0,0,0.0,-1.0,[]
3.0,det_south_1,0,0.0,-1.0,[]
3.0,det_south_2,0,0.0,-1.0,[]
4.0,det_east_0,0,0.0,-1.0,[]
4.0,det_east_1,0,0.0,-1.0,[]
4.0,det_east_2,0,0.0,-1.0,[]
4.0,det_west_0,0,0.0,-1.0,[]
4.0,det_west_1,0,0.0,-1.0,[]
4.0,det_west_2,0,0.0,-1.0,[]
4.0,det_north_0,0,0.0,-1.0,[]
4.0,det_north_1,0,0.0,-1.0,[]
4.0,det_north_2,0,0.0,-1.0,[]
4.0,det_south_0,0,0.0,-1.0,[]
4.0,det_south_1,0,0.0,-1.0,[]
4.0,det_south_2,0,0.0,-1.0,[]
5.0,det_east_0,0,0.0,-1.0,[]
5.0,det_east_1,0,0.0,-1.0,[]
5.0,det_east_2,0,0.0,-1.0,[]
5.0,det_west_0,0,0.0,-1.0,[]
5.0,det_west_1,0,0.0,-1.0,[]
5.0,det_west_2,0,0.0,-1.0,[]
5.0,det_north_0,0,0.0,-1.0,[]
5.0,det_north_1,0,0.0,-1.0,[]
5.0,det_north_2,0,0.0,-1.0,[]
5.0,det_south_0,0,0.0,-1.0,[]
5.0,det_south_1,0,0.0,-1.0,[]
5.0,det_south_2,0,0.0,-1.0,[]
6.0,det_east_0,0,0.0,-1.0,[]
6.0,det_east_1,0,0.0,-1.0,[]
6.0,det_east_2,0,0.0,-1.0,[]
6.0,det_west_0,0,0.0,-1.0,[]
6.0,det_west_1,0,0.0,-1.0,[]
6.0,det_west_2,0,0.0,-1.0,[]
6.0,det_north_0,0,0.0,-1.0,[]
6.0,det_north_1,0,0.0,-1.0,[]
6.0,det_north_2,0,0.0,-1.0,[]
6.0,det_south_0,0,0.0,-1.0,[]
6.0,det_south_1,0,0.0,-1.0,[]
6.0,det_south_2,0,0.0,-1.0,[]
7.0,det_east_0,0,0.0,-1.0,[]
7.0,det_east_1,0,0.0,-1.0,[]
7.0,det_east_2,0,0.0,-1.0,[]
7.0,det_west_0,0,0.0,-1.0,[]
7.0,det_west_1,0,0.0,-1.0,[]
7.0,det_west_2,0,0.0,-1.0,[]
7.0,det_north_0,0,0.0,-1.0,[]
7.0,det_north_1,0,0.0,-1.0,[]
7.0,det_north_2,0,0.0,-1.0,[]
7.0,det_south_0,0,0.0,-1.0,[]
7.0,det_south_1,0,0.0,-1.0,[]
7.0,det_south_2,0,0.0,-1.0,[]
8.0,det_east_0,0,0.0,-1.0,[]
8.0,det_east_1,0,0.0,-1.0,[]
8.0,det_east_2,0,0.0,-1.0,[]
8.0,det_west_0,0,0.0,-1.0,[]
8.0,det_west_1,0,0.0,-1.0,[]
8.0,det_west_2,0,0.0,-1.0,[]
8.0,det_north_0,0,0.0,-1.0,[]
8.0,det_north_1,0,0.0,-1.0,[]
8.0,det_north_2,0,0.0,-1.0,[]
8.0,det_south_0,0,0.0,-1.0,[]
8.0,det_south_1,0,0.0,-1.0,[]
8.0,det_south_2,0,0.0,-1.0,[]
9.0,det_east_0,0,0.0,-1.0,[]
9.0,det_east_1,0,0.0,-1.0,[]
9.0,det_east_2,1,9.353454235010794,16.131500262291766,['flow_east_left.0']
9.0,det_west_0,0,0.0,-1.0,[]
9.0,det_west_1,0,0.0,-1.0,[]
9.0,det_west_2,0,0.0,-1.0,[]
9.0,det_north_0,0,0.0,-1.0,[]
9.0,det_north_1,0,0.0,-1.0,[]
9.0,det_north_2,0,0.0,-1.0,[]
9.0,det_south_0,0,0.0,-1.0,[]
9.0,det_south_1,0,0.0,-1.0,[]
9.0,det_south_2,0,0.0,-1.0,[]
10.0,det_east_0,0,0.0,-1.0,[]
10.0,det_east_1,0,0.0,-1.0,[]
10.0,det_east_2,1,0.0,-1.0,['flow_east_left.0']
10.0,det_west_0,0,0.0,-1.0,[]
10.0,det_west_1,0,0.0,-1.0,[]
10.0,det_west_2,0,0.0,-1.0,[]
10.0,det_north_0,1,32.80056188592866,14.86927010063042,['flow_north_right.0']
10.0,det_north_1,0,0.0,-1.0,[]
10.0,det_north_2,0,0.0,-1.0,[]
10.0,det_south_0,0,0.0,-1.0,[]
10.0,det_south_1,0,0.0,-1.0,[]
10.0,det_south_2,1,32.99172936870338,15.155313454841504,['flow_south_left.0']
11.0,det_east_0,0,0.0,-1.0,[]
11.0,det_east_1,0,0.0,-1.0,[]
11.0,det_east_2,0,0.0,-1.0,[]
11.0,det_west_0,1,10.192031411883384,13.003417542797408,['flow_west_right.0']
11.0,det_west_1,1,35.86459467947165,13.941325824774827,['flow_west_straight.0']
11.0,det_west_2,1,32.5147240055653,14.135713325761618,['flow_west_left.0']
11.0,det_north_0,1,0.0,-1.0,['flow_north_right.0']
11.0,det_north_1,1,37.017179103623654,13.507242099683777,['flow_north_straight.0']
11.0,det_north_2,1,35.02378610524843,14.02676870445489,['flow_north_left.0']
11.0,det_south_0,0,0.0,-1.0,[]
11.0,det_south_1,0,0.0,-1.0,[]
11.0,det_south_2,0,0.0,-1.0,[]
12.0,det_east_0,1,38.56650808687743,12.964616834733066,['flow_east_right.0']
12.0,det_east_1,1,39.573568407817206,12.63469583655822,['flow_east_straight.0']
12.0,det_east_2,0,0.0,-1.0,[]
12.0,det_west_0,1,0.0,-1.0,['flow_west_right.0']
12.0,det_west_1,0,0.0,-1.0,[]
12.0,det_west_2,1,0.0,-1.0,['flow_west_left.0']
12.0,det_north_0,0,0.0,-1.0,[]
12.0,det_north_1,0,0.0,-1.0,[]
12.0,det_north_2,1,0.0,-1.0,['flow_north_left.0']
12.0,det_south_0,0,0.0,-1.0,[]
12.0,det_south_1,1,41.12271479681162,12.1587303384641,['flow_south_straight.0']
12.0,det_south_2,0,0.0,-1.0,[]
13.0,det_east_0,0,0.0,-1.0,[]
13.0,det_east_1,0,0.0,-1.0,[]
13.0,det_east_2,0,0.0,-1.0,[]
13.0,det_west_0,0,0.0,-1.0,[]
13.0,det_west_1,1,73.39990486637404,14.4154104771979,['truck_west.0']
13.0,det_west_2,0,0.0,-1.0,[]
13.0,det_north_0,0,0.0,-1.0,[]
13.0,det_north_1,1,64.28289928038389,14.032757057190054,['truck_north.0']
13.0,det_north_2,0,0.0,-1.0,[]
13.0,det_south_0,1,41.046376223237324,12.181343300092303,['flow_south_right.0']
13.0,det_south_1,0,0.0,-1.0,[]
13.0,det_south_2,0,0.0,-1.0,[]
14.0,det_east_0,0,0.0,-1.0,[]
14.0,det_east_1,1,50.02757032659435,11.910726079533369,['truck_east.0']
14.0,det_east_2,0,0.0,-1.0,[]
14.0,det_west_0,0,0.0,-1.0,[]
14.0,det_west_1,1,0.0,-1.0,['truck_west.0']
14.0,det_west_2,0,0.0,-1.0,[]
14.0,det_north_0,0,0.0,-1.0,[]
14.0,det_north_1,1,0.0,-1.0,['truck_north.0']
14.0,det_north_2,0,0.0,-1.0,[]
14.0,det_south_0,0,0.0,-1.0,[]
14.0,det_south_1,1,54.3667850741393,12.47525696989326,['truck_south.0']
14.0,det_south_2,0,0.0,-1.0,[]
15.0,det_east_0,0,0.0,-1.0,[]
15.0,det_east_1,1,0.0,-1.0,['truck_east.0']
15.0,det_east_2,0,0.0,-1.0,[]
15.0,det_west_0,0,0.0,-1.0,[]
15.0,det_west_1,0,0.0,-1.0,[]
15.0,det_west_2,0,0.0,-1.0,[]
15.0,det_north_0,0,0.0,-1.0,[]
15.0,det_north_1,0,0.0,-1.0,[]
15.0,det_north_2,0,0.0,-1.0,[]
15.0,det_south_0,0,0.0,-1.0,[]
15.0,det_south_1,1,0.0,-1.0,['truck_south.0']
15.0,det_south_2,0,0.0,-1.0,[]
16.0,det_east_0,0,0.0,-1.0,[]
16.0,det_east_1,0,0.0,-1.0,[]
16.0,det_east_2,0,0.0,-1.0,[]
16.0,det_west_0,0,0.0,-1.0,[]
16.0,det_west_1,0,0.0,-1.0,[]
16.0,det_west_2,0,0.0,-1.0,[]
16.0,det_north_0,0,0.0,-1.0,[]
16.0,det_north_1,0,0.0,-1.0,[]
16.0,det_north_2,0,0.0,-1.0,[]
16.0,det_south_0,0,0.0,-1.0,[]
16.0,det_south_1,0,0.0,-1.0,[]
16.0,det_south_2,0,0.0,-1.0,[]
17.0,det_east_0,0,0.0,-1.0,[]
17.0,det_east_1,0,0.0,-1.0,[]
17.0,det_east_2,0,0.0,-1.0,[]
17.0,det_west_0,0,0.0,-1.0,[]
17.0,det_west_1,0,0.0,-1.0,[]
17.0,det_west_2,0,0.0,-1.0,[]
17.0,det_north_0,0,0.0,-1.0,[]
17.0,det_north_1,0,0.0,-1.0,[]
17.0,det_north_2,0,0.0,-1.0,[]
17.0,det_south_0,0,0.0,-1.0,[]
17.0,det_south_1,0,0.0,-1.0,[]
17.0,det_south_2,0,0.0,-1.0,[]
18.0,det_east_0,0,0.0,-1.0,[]
18.0,det_east_1,0,0.0,-1.0,[]
18.0,det_east_2,0,0.0,-1.0,[]
18.0,det_west_0,0,0.0,-1.0,[]
18.0,det_west_1,0,0.0,-1.0,[]
18.0,det_west_2,0,0.0,-1.0,[]
18.0,det_north_0,0,0.0,-1.0,[]
18.0,det_north_1,0,0.0,-1.0,[]
18.0,det_north_2,0,0.0,-1.0,[]
18.0,det_south_0,0,0.0,-1.0,[]
18.0,det_south_1,0,0.0,-1.0,[]
18.0,det_south_2,0,0.0,-1.0,[]
19.0,det_east_0,0,0.0,-1.0,[]
19.0,det_east_1,0,0.0,-1.0,[]
19.0,det_east_2,0,0.0,-1.0,[]
19.0,det_west_0,0,0.0,-1.0,[]
19.0,det_west_1,0,0.0,-1.0,[]
19.0,det_west_2,0,0.0,-1.0,[]
19.0,det_north_0,0,0.0,-1.0,[]
19.0,det_north_1,0,0.0,-1.0,[]
19.0,det_north_2,0,0.0,-1.0,[]
19.0,det_south_0,0,0.0,-1.0,[]
19.0,det_south_1,0,0.0,-1.0,[]
19.0,det_south_2,0,0.0,-1.0,[]
20.0,det_east_0,0,0.0,-1.0,[]
20.0,det_east_1,0,0.0,-1.0,[]
20.0,det_east_2,0,0.0,-1.0,[]
20.0,det_west_0,0,0.0,-1.0,[]
20.0,det_west_1,0,0.0,-1.0,[]
20.0,det_west_2,0,0.0,-1.0,[]
20.0,det_north_0,0,0.0,-1.0,[]
20.0,det_north_1,0,0.0,-1.0,[]
20.0,det_north_2,0,0.0,-1.0,[]
20.0,det_south_0,0,0.0,-1.0,[]
20.0,det_south_1,0,0.0,-1.0,[]
20.0,det_south_2,0,0.0,-1.0,[]
21.0,det_east_0,0,0.0,-1.0,[]
21.0,det_east_1,0,0.0,-1.0,[]
21.0,det_east_2,0,0.0,-1.0,[]
21.0,det_west_0,0,0.0,-1.0,[]
21.0,det_west_1,0,0.0,-1.0,[]
21.0,det_west_2,0,0.0,-1.0,[]
21.0,det_north_0,0,0.0,-1.0,[]
21.0,det_north_1,0,0.0,-1.0,[]
21.0,det_north_2,0,0.0,-1.0,[]
21.0,det_south_0,0,0.0,-1.0,[]
21.0,det_south_1,0,0.0,-1.0,[]
21.0,det_south_2,0,0.0,-1.0,[]
22.0,det_east_0,0,0.0,-1.0,[]
22.0,det_east_1,0,0.0,-1.0,[]
22.0,det_east_2,0,0.0,-1.0,[]
22.0,det_west_0,0,0.0,-1.0,[]
22.0,det_west_1,0,0.0,-1.0,[]
22.0,det_west_2,0,0.0,-1.0,[]
22.0,det_north_0,0,0.0,-1.0,[]
22.0,det_north_1,0,0.0,-1.0,[]
22.0,det_north_2,0,0.0,-1.0,[]
22.0,det_south_0,0,0.0,-1.0,[]
22.0,det_south_1,0,0.0,-1.0,[]
22.0,det_south_2,0,0.0,-1.0,[]
23.0,det_east_0,0,0.0,-1.0,[]
23.0,det_east_1,0,0.0,-1.0,[]
23.0,det_east_2,0,0.0,-1.0,[]
23.0,det_west_0,0,0.0,-1.0,[]
23.0,det_west_1,0,0.0,-1.0,[]
23.0,det_west_2,0,0.0,-1.0,[]
23.0,det_north_0,0,0.0,-1.0,[]
23.0,det_north_1,0,0.0,-1.0,[]
23.0,det_north_2,0,0.0,-1.0,[]
23.0,det_south_0,0,0.0,-1.0,[]
23.0,det_south_1,0,0.0,-1.0,[]
23.0,det_south_2,0,0.0,-1.0,[]
24.0,det_east_0,0,0.0,-1.0,[]
24.0,det_east_1,0,0.0,-1.0,[]
24.0,det_east_2,0,0.0,-1.0,[]
24.0,det_west_0,0,0.0,-1.0,[]
24.0,det_west_1,0,0.0,-1.0,[]
24.0,det_west_2,0,0.0,-1.0,[]
24.0,det_north_0,0,0.0,-1.0,[]
24.0,det_north_1,0,0.0,-1.0,[]
24.0,det_north_2,0,0.0,-1.0,[]
24.0,det_south_0,0,0.0,-1.0,[]
24.0,det_south_1,0,0.0,-1.0,[]
24.0,det_south_2,0,0.0,-1.0,[]
25.0,det_east_0,0,0.0,-1.0,[]
25.0,det_east_1,0,0.0,-1.0,[]
25.0,det_east_2,0,0.0,-1.0,[]
25.0,det_west_0,0,0.0,-1.0,[]
25.0,det_west_1,0,0.0,-1.0,[]
25.0,det_west_2,0,0.0,-1.0,[]
25.0,det_north_0,0,0.0,-1.0,[]
25.0,det_north_1,0,0.0,-1.0,[]
25.0,det_north_2,0,0.0,-1.0,[]
25.0,det_south_0,0,0.0,-1.0,[]
25.0,det_south_1,0,0.0,-1.0,[]
25.0,det_south_2,0,0.0,-1.0,[]
26.0,det_east_0,0,0.0,-1.0,[]
26.0,det_east_1,0,0.0,-1.0,[]
26.0,det_east_2,0,0.0,-1.0,[]
26.0,det_west_0,0,0.0,-1.0,[]
26.0,det_west_1,0,0.0,-1.0,[]
26.0,det_west_2,0,0.0,-1.0,[]
26.0,det_north_0,0,0.0,-1.0,[]
26.0,det_north_1,0,0.0,-1.0,[]
26.0,det_north_2,0,0.0,-1.0,[]
26.0,det_south_0,0,0.0,-1.0,[]
26.0,det_south_1,0,0.0,-1.0,[]
26.0,det_south_2,0,0.0,-1.0,[]
27.0,det_east_0,0,0.0,-1.0,[]
27.0,det_east_1,0,0.0,-1.0,[]
27.0,det_east_2,0,0.0,-1.0,[]
27.0,det_west_0,0,0.0,-1.0,[]
27.0,det_west_1,0,0.0,-1.0,[]
27.0,det_west_2,0,0.0,-1.0,[]
27.0,det_north_0,0,0.0,-1.0,[]
27.0,det_north_1,0,0.0,-1.0,[]
27.0,det_north_2,0,0.0,-1.0,[]
27.0,det_south_0,0,0.0,-1.0,[]
27.0,det_south_1,0,0.0,-1.0,[]
27.0,det_south_2,0,0.0,-1.0,[]
28.0,det_east_0,0,0.0,-1.0,[]
28.0,det_east_1,0,0.0,-1.0,[]
28.0,det_east_2,0,0.0,-1.0,[]
28.0,det_west_0,0,0.0,-1.0,[]
28.0,det_west_1,0,0.0,-1.0,[]
28.0,det_west_2,0,0.0,-1.0,[]
28.0,det_north_0,0,0.0,-1.0,[]
28.0,det_north_1,0,0.0,-1.0,[]
28.0,det_north_2,0,0.0,-1.0,[]
28.0,det_south_0,0,0.0,-1.0,[]
28.0,det_south_1,0,0.0,-1.0,[]
28.0,det_south_2,0,0.0,-1.0,[]
29.0,det_east_0,0,0.0,-1.0,[]
29.0,det_east_1,0,0.0,-1.0,[]
29.0,det_east_2,0,0.0,-1.0,[]
29.0,det_west_0,0,0.0,-1.0,[]
29.0,det_west_1,0,0.0,-1.0,[]
29.0,det_west_2,0,0.0,-1.0,[]
29.0,det_north_0,0,0.0,-1.0,[]
29.0,det_north_1,0,0.0,-1.0,[]
29.0,det_north_2,0,0.0,-1.0,[]
29.0,det_south_0,0,0.0,-1.0,[]
29.0,det_south_1,0,0.0,-1.0,[]
29.0,det_south_2,0,0.0,-1.0,[]
30.0,det_east_0,0,0.0,-1.0,[]
30.0,det_east_1,0,0.0,-1.0,[]
30.0,det_east_2,0,0.0,-1.0,[]
30.0,det_west_0,0,0.0,-1.0,[]
30.0,det_west_1,0,0.0,-1.0,[]
30.0,det_west_2,0,0.0,-1.0,[]
30.0,det_north_0,0,0.0,-1.0,[]
30.0,det_north_1,0,0.0,-1.0,[]
30.0,det_north_2,0,0.0,-1.0,[]
30.0,det_south_0,0,0.0,-1.0,[]
30.0,det_south_1,0,0.0,-1.0,[]
30.0,det_south_2,0,0.0,-1.0,[]
31.0,det_east_0,0,0.0,-1.0,[]
31.0,det_east_1,0,0.0,-1.0,[]
31.0,det_east_2,0,0.0,-1.0,[]
31.0,det_west_0,0,0.0,-1.0,[]
31.0,det_west_1,0,0.0,-1.0,[]
31.0,det_west_2,0,0.0,-1.0,[]
31.0,det_north_0,0,0.0,-1.0,[]
31.0,det_north_1,0,0.0,-1.0,[]
31.0,det_north_2,0,0.0,-1.0,[]
31.0,det_south_0,0,0.0,-1.0,[]
31.0,det_south_1,0,0.0,-1.0,[]
31.0,det_south_2,0,0.0,-1.0,[]
32.0,det_east_0,0,0.0,-1.0,[]
32.0,det_east_1,0,0.0,-1.0,[]
32.0,det_east_2,0,0.0,-1.0,[]
32.0,det_west_0,0,0.0,-1.0,[]
32.0,det_west_1,1,36.92528780073516,13.54085586815779,['flow_west_straight.1']
32.0,det_west_2,0,0.0,-1.0,[]
32.0,det_north_0,0,0.0,-1.0,[]
32.0,det_north_1,0,0.0,-1.0,[]
32.0,det_north_2,0,0.0,-1.0,[]
32.0,det_south_0,0,0.0,-1.0,[]
32.0,det_south_1,0,0.0,-1.0,[]
32.0,det_south_2,0,0.0,-1.0,[]
33.0,det_east_0,0,0.0,-1.0,[]
33.0,det_east_1,1,40.537733681804866,12.334187301260558,['flow_east_straight.1']
33.0,det_east_2,0,0.0,-1.0,[]
33.0,det_west_0,0,0.0,-1.0,[]
33.0,det_west_1,0,0.0,-1.0,[]
33.0,det_west_2,0,0.0,-1.0,[]
33.0,det_north_0,0,0.0,-1.0,[]
33.0,det_north_1,0,0.0,-1.0,[]
33.0,det_north_2,0,0.0,-1.0,[]
33.0,det_south_0,0,0.0,-1.0,[]
33.0,det_south_1,0,0.0,-1.0,[]
33.0,det_south_2,0,0.0,-1.0,[]
34.0,det_east_0,0,0.0,-1.0,[]
34.0,det_east_1,0,0.0,-1.0,[]
34.0,det_east_2,0,0.0,-1.0,[]
34.0,det_west_0,0,0.0,-1.0,[]
34.0,det_west_1,0,0.0,-1.0,[]
34.0,det_west_2,0,0.0,-1.0,[]
34.0,det_north_0,0,0.0,-1.0,[]
34.0,det_north_1,0,0.0,-1.0,[]
34.0,det_north_2,0,0.0,-1.0,[]
34.0,det_south_0,0,0.0,-1.0,[]
34.0,det_south_1,0,0.0,-1.0,[]
34.0,det_south_2,0,0.0,-1.0,[]
35.0,det_east_0,0,0.0,-1.0,[]
35.0,det_east_1,0,0.0,-1.0,[]
35.0,det_east_2,0,0.0,-1.0,[]
35.0,det_west_0,0,0.0,-1.0,[]
35.0,det_west_1,0,0.0,-1.0,[]
35.0,det_west_2,0,0.0,-1.0,[]
35.0,det_north_0,0,0.0,-1.0,[]
35.0,det_north_1,0,0.0,-1.0,[]
35.0,det_north_2,0,0.0,-1.0,[]
35.0,det_south_0,0,0.0,-1.0,[]
35.0,det_south_1,0,0.0,-1.0,[]
35.0,det_south_2,0,0.0,-1.0,[]
36.0,det_east_0,0,0.0,-1.0,[]
36.0,det_east_1,0,0.0,-1.0,[]
36.0,det_east_2,0,0.0,-1.0,[]
36.0,det_west_0,0,0.0,-1.0,[]
36.0,det_west_1,0,0.0,-1.0,[]
36.0,det_west_2,0,0.0,-1.0,[]
36.0,det_north_0,0,0.0,-1.0,[]
36.0,det_north_1,0,0.0,-1.0,[]
36.0,det_north_2,0,0.0,-1.0,[]
36.0,det_south_0,0,0.0,-1.0,[]
36.0,det_south_1,0,0.0,-1.0,[]
36.0,det_south_2,0,0.0,-1.0,[]
37.0,det_east_0,0,0.0,-1.0,[]
37.0,det_east_1,0,0.0,-1.0,[]
37.0,det_east_2,0,0.0,-1.0,[]
37.0,det_west_0,0,0.0,-1.0,[]
37.0,det_west_1,0,0.0,-1.0,[]
37.0,det_west_2,0,0.0,-1.0,[]
37.0,det_north_0,0,0.0,-1.0,[]
37.0,det_north_1,0,0.0,-1.0,[]
37.0,det_north_2,0,0.0,-1.0,[]
37.0,det_south_0,0,0.0,-1.0,[]
37.0,det_south_1,1,3.2414797247163563,14.609083820844234,['flow_south_straight.1']
37.0,det_south_2,0,0.0,-1.0,[]
38.0,det_east_0,0,0.0,-1.0,[]
38.0,det_east_1,0,0.0,-1.0,[]
38.0,det_east_2,0,0.0,-1.0,[]
38.0,det_west_0,0,0.0,-1.0,[]
38.0,det_west_1,0,0.0,-1.0,[]
38.0,det_west_2,0,0.0,-1.0,[]
38.0,det_north_0,0,0.0,-1.0,[]
38.0,det_north_1,1,37.068445283165374,13.488561394482732,['flow_north_straight.1']
38.0,det_north_2,0,0.0,-1.0,[]
38.0,det_south_0,0,0.0,-1.0,[]
38.0,det_south_1,1,0.0,-1.0,['flow_south_straight.1']
38.0,det_south_2,0,0.0,-1.0,[]
39.0,det_east_0,0,0.0,-1.0,[]
39.0,det_east_1,0,0.0,-1.0,[]
39.0,det_east_2,0,0.0,-1.0,[]
39.0,det_west_0,0,0.0,-1.0,[]
39.0,det_west_1,0,0.0,-1.0,[]
39.0,det_west_2,0,0.0,-1.0,[]
39.0,det_north_0,0,0.0,-1.0,[]
39.0,det_north_1,0,0.0,-1.0,[]
39.0,det_north_2,0,0.0,-1.0,[]
39.0,det_south_0,0,0.0,-1.0,[]
39.0,det_south_1,0,0.0,-1.0,[]
39.0,det_south_2,0,0.0,-1.0,[]
40.0,det_east_0,0,0.0,-1.0,[]
40.0,det_east_1,0,0.0,-1.0,[]
40.0,det_east_2,0,0.0,-1.0,[]
40.0,det_west_0,0,0.0,-1.0,[]
40.0,det_west_1,0,0.0,-1.0,[]
40.0,det_west_2,0,0.0,-1.0,[]
40.0,det_north_0,0,0.0,-1.0,[]
40.0,det_north_1,0,0.0,-1.0,[]
40.0,det_north_2,0,0.0,-1.0,[]
40.0,det_south_0,0,0.0,-1.0,[]
40.0,det_south_1,0,0.0,-1.0,[]
40.0,det_south_2,0,0.0,-1.0,[]
41.0,det_east_0,0,0.0,-1.0,[]
41.0,det_east_1,0,0.0,-1.0,[]
41.0,det_east_2,0,0.0,-1.0,[]
41.0,det_west_0,0,0.0,-1.0,[]
41.0,det_west_1,0,0.0,-1.0,[]
41.0,det_west_2,0,0.0,-1.0,[]
41.0,det_north_0,0,0.0,-1.0,[]
41.0,det_north_1,0,0.0,-1.0,[]
41.0,det_north_2,0,0.0,-1.0,[]
41.0,det_south_0,0,0.0,-1.0,[]
41.0,det_south_1,0,0.0,-1.0,[]
41.0,det_south_2,0,0.0,-1.0,[]
42.0,det_east_0,0,0.0,-1.0,[]
42.0,det_east_1,0,0.0,-1.0,[]
42.0,det_east_2,0,0.0,-1.0,[]
42.0,det_west_0,0,0.0,-1.0,[]
42.0,det_west_1,0,0.0,-1.0,[]
42.0,det_west_2,0,0.0,-1.0,[]
42.0,det_north_0,0,0.0,-1.0,[]
42.0,det_north_1,0,0.0,-1.0,[]
42.0,det_north_2,0,0.0,-1.0,[]
42.0,det_south_0,0,0.0,-1.0,[]
42.0,det_south_1,0,0.0,-1.0,[]
42.0,det_south_2,0,0.0,-1.0,[]
43.0,det_east_0,0,0.0,-1.0,[]
43.0,det_east_1,0,0.0,-1.0,[]
43.0,det_east_2,0,0.0,-1.0,[]
43.0,det_west_0,0,0.0,-1.0,[]
43.0,det_west_1,0,0.0,-1.0,[]
43.0,det_west_2,0,0.0,-1.0,[]
43.0,det_north_0,0,0.0,-1.0,[]
43.0,det_north_1,0,0.0,-1.0,[]
43.0,det_north_2,0,0.0,-1.0,[]
43.0,det_south_0,0,0.0,-1.0,[]
43.0,det_south_1,0,0.0,-1.0,[]
43.0,det_south_2,0,0.0,-1.0,[]
44.0,det_east_0,0,0.0,-1.0,[]
44.0,det_east_1,0,0.0,-1.0,[]
44.0,det_east_2,0,0.0,-1.0,[]
44.0,det_west_0,0,0.0,-1.0,[]
44.0,det_west_1,0,0.0,-1.0,[]
44.0,det_west_2,0,0.0,-1.0,[]
44.0,det_north_0,0,0.0,-1.0,[]
44.0,det_north_1,0,0.0,-1.0,[]
44.0,det_north_2,0,0.0,-1.0,[]
44.0,det_south_0,0,0.0,-1.0,[]
44.0,det_south_1,0,0.0,-1.0,[]
44.0,det_south_2,0,0.0,-1.0,[]
45.0,det_east_0,0,0.0,-1.0,[]
45.0,det_east_1,0,0.0,-1.0,[]
45.0,det_east_2,0,0.0,-1.0,[]
45.0,det_west_0,0,0.0,-1.0,[]
45.0,det_west_1,0,0.0,-1.0,[]
45.0,det_west_2,0,0.0,-1.0,[]
45.0,det_north_0,0,0.0,-1.0,[]
45.0,det_north_1,0,0.0,-1.0,[]
45.0,det_north_2,0,0.0,-1.0,[]
45.0,det_south_0,0,0.0,-1.0,[]
45.0,det_south_1,0,0.0,-1.0,[]
45.0,det_south_2,0,0.0,-1.0,[]
46.0,det_east_0,0,0.0,-1.0,[]
46.0,det_east_1,0,0.0,-1.0,[]
46.0,det_east_2,0,0.0,-1.0,[]
46.0,det_west_0,0,0.0,-1.0,[]
46.0,det_west_1,0,0.0,-1.0,[]
46.0,det_west_2,0,0.0,-1.0,[]
46.0,det_north_0,0,0.0,-1.0,[]
46.0,det_north_1,0,0.0,-1.0,[]
46.0,det_north_2,0,0.0,-1.0,[]
46.0,det_south_0,0,0.0,-1.0,[]
46.0,det_south_1,0,0.0,-1.0,[]
46.0,det_south_2,0,0.0,-1.0,[]
47.0,det_east_0,0,0.0,-1.0,[]
47.0,det_east_1,0,0.0,-1.0,[]
47.0,det_east_2,0,0.0,-1.0,[]
47.0,det_west_0,0,0.0,-1.0,[]
47.0,det_west_1,0,0.0,-1.0,[]
47.0,det_west_2,0,0.0,-1.0,[]
47.0,det_north_0,0,0.0,-1.0,[]
47.0,det_north_1,0,0.0,-1.0,[]
47.0,det_north_2,0,0.0,-1.0,[]
47.0,det_south_0,0,0.0,-1.0,[]
47.0,det_south_1,0,0.0,-1.0,[]
47.0,det_south_2,0,0.0,-1.0,[]
48.0,det_east_0,0,0.0,-1.0,[]
48.0,det_east_1,0,0.0,-1.0,[]
48.0,det_east_2,0,0.0,-1.0,[]
48.0,det_west_0,0,0.0,-1.0,[]
48.0,det_west_1,0,0.0,-1.0,[]
48.0,det_west_2,0,0.0,-1.0,[]
48.0,det_north_0,0,0.0,-1.0,[]
48.0,det_north_1,0,0.0,-1.0,[]
48.0,det_north_2,0,0.0,-1.0,[]
48.0,det_south_0,0,0.0,-1.0,[]
48.0,det_south_1,0,0.0,-1.0,[]
48.0,det_south_2,0,0.0,-1.0,[]
49.0,det_east_0,0,0.0,-1.0,[]
49.0,det_east_1,0,0.0,-1.0,[]
49.0,det_east_2,0,0.0,-1.0,[]
49.0,det_west_0,0,0.0,-1.0,[]
49.0,det_west_1,0,0.0,-1.0,[]
49.0,det_west_2,0,0.0,-1.0,[]
49.0,det_north_0,0,0.0,-1.0,[]
49.0,det_north_1,0,0.0,-1.0,[]
49.0,det_north_2,0,0.0,-1.0,[]
49.0,det_south_0,0,0.0,-1.0,[]
49.0,det_south_1,0,0.0,-1.0,[]
49.0,det_south_2,0,0.0,-1.0,[]
50.0,det_east_0,0,0.0,-1.0,[]
50.0,det_east_1,1,16.956846828697536,13.73900080059715,['flow_east_straight.2']
50.0,det_east_2,0,0.0,-1.0,[]
50.0,det_west_0,0,0.0,-1.0,[]
50.0,det_west_1,0,0.0,-1.0,[]
50.0,det_west_2,0,0.0,-1.0,[]
50.0,det_north_0,0,0.0,-1.0,[]
50.0,det_north_1,0,0.0,-1.0,[]
50.0,det_north_2,0,0.0,-1.0,[]
50.0,det_south_0,0,0.0,-1.0,[]
50.0,det_south_1,0,0.0,-1.0,[]
50.0,det_south_2,0,0.0,-1.0,[]
51.0,det_east_0,0,0.0,-1.0,[]
51.0,det_east_1,1,0.0,-1.0,['flow_east_straight.2']
51.0,det_east_2,0,0.0,-1.0,[]
51.0,det_west_0,0,0.0,-1.0,[]
51.0,det_west_1,0,0.0,-1.0,[]
51.0,det_west_2,0,0.0,-1.0,[]
51.0,det_north_0,0,0.0,-1.0,[]
51.0,det_north_1,0,0.0,-1.0,[]
51.0,det_north_2,0,0.0,-1.0,[]
51.0,det_south_0,0,0.0,-1.0,[]
51.0,det_south_1,0,0.0,-1.0,[]
51.0,det_south_2,0,0.0,-1.0,[]
52.0,det_east_0,0,0.0,-1.0,[]
52.0,det_east_1,0,0.0,-1.0,[]
52.0,det_east_2,0,0.0,-1.0,[]
52.0,det_west_0,0,0.0,-1.0,[]
52.0,det_west_1,0,0.0,-1.0,[]
52.0,det_west_2,0,0.0,-1.0,[]
52.0,det_north_0,0,0.0,-1.0,[]
52.0,det_north_1,0,0.0,-1.0,[]
52.0,det_north_2,0,0.0,-1.0,[]
52.0,det_south_0,0,0.0,-1.0,[]
52.0,det_south_1,0,0.0,-1.0,[]
52.0,det_south_2,0,0.0,-1.0,[]
53.0,det_east_0,0,0.0,-1.0,[]
53.0,det_east_1,0,0.0,-1.0,[]
53.0,det_east_2,0,0.0,-1.0,[]
53.0,det_west_0,0,0.0,-1.0,[]
53.0,det_west_1,1,49.204781008042175,10.161614171563501,['flow_west_straight.2']
53.0,det_west_2,0,0.0,-1.0,[]
53.0,det_north_0,0,0.0,-1.0,[]
53.0,det_north_1,0,0.0,-1.0,[]
53.0,det_north_2,0,0.0,-1.0,[]
53.0,det_south_0,0,0.0,-1.0,[]
53.0,det_south_1,0,0.0,-1.0,[]
53.0,det_south_2,0,0.0,-1.0,[]
54.0,det_east_0,0,0.0,-1.0,[]
54.0,det_east_1,0,0.0,-1.0,[]
54.0,det_east_2,0,0.0,-1.0,[]
54.0,det_west_0,0,0.0,-1.0,[]
54.0,det_west_1,0,0.0,-1.0,[]
54.0,det_west_2,0,0.0,-1.0,[]
54.0,det_north_0,0,0.0,-1.0,[]
54.0,det_north_1,0,0.0,-1.0,[]
54.0,det_north_2,0,0.0,-1.0,[]
54.0,det_south_0,0,0.0,-1.0,[]
54.0,det_south_1,0,0.0,-1.0,[]
54.0,det_south_2,0,0.0,-1.0,[]
55.0,det_east_0,0,0.0,-1.0,[]
55.0,det_east_1,0,0.0,-1.0,[]
55.0,det_east_2,0,0.0,-1.0,[]
55.0,det_west_0,0,0.0,-1.0,[]
55.0,det_west_1,0,0.0,-1.0,[]
55.0,det_west_2,0,0.0,-1.0,[]
55.0,det_north_0,0,0.0,-1.0,[]
55.0,det_north_1,0,0.0,-1.0,[]
55.0,det_north_2,0,0.0,-1.0,[]
55.0,det_south_0,0,0.0,-1.0,[]
55.0,det_south_1,0,0.0,-1.0,[]
55.0,det_south_2,0,0.0,-1.0,[]
56.0,det_east_0,0,0.0,-1.0,[]
56.0,det_east_1,0,0.0,-1.0,[]
56.0,det_east_2,0,0.0,-1.0,[]
56.0,det_west_0,0,0.0,-1.0,[]
56.0,det_west_1,0,0.0,-1.0,[]
56.0,det_west_2,0,0.0,-1.0,[]
56.0,det_north_0,0,0.0,-1.0,[]
56.0,det_north_1,0,0.0,-1.0,[]
56.0,det_north_2,0,0.0,-1.0,[]
56.0,det_south_0,0,0.0,-1.0,[]
56.0,det_south_1,0,0.0,-1.0,[]
56.0,det_south_2,0,0.0,-1.0,[]
57.0,det_east_0,0,0.0,-1.0,[]
57.0,det_east_1,0,0.0,-1.0,[]
57.0,det_east_2,0,0.0,-1.0,[]
57.0,det_west_0,0,0.0,-1.0,[]
57.0,det_west_1,0,0.0,-1.0,[]
57.0,det_west_2,0,0.0,-1.0,[]
57.0,det_north_0,0,0.0,-1.0,[]
57.0,det_north_1,0,0.0,-1.0,[]
57.0,det_north_2,0,0.0,-1.0,[]
57.0,det_south_0,0,0.0,-1.0,[]
57.0,det_south_1,0,0.0,-1.0,[]
57.0,det_south_2,0,0.0,-1.0,[]
58.0,det_east_0,0,0.0,-1.0,[]
58.0,det_east_1,0,0.0,-1.0,[]
58.0,det_east_2,0,0.0,-1.0,[]
58.0,det_west_0,0,0.0,-1.0,[]
58.0,det_west_1,0,0.0,-1.0,[]
58.0,det_west_2,0,0.0,-1.0,[]
58.0,det_north_0,0,0.0,-1.0,[]
58.0,det_north_1,0,0.0,-1.0,[]
58.0,det_north_2,0,0.0,-1.0,[]
58.0,det_south_0,0,0.0,-1.0,[]
58.0,det_south_1,0,0.0,-1.0,[]
58.0,det_south_2,0,0.0,-1.0,[]
59.0,det_east_0,0,0.0,-1.0,[]
59.0,det_east_1,0,0.0,-1.0,[]
59.0,det_east_2,0,0.0,-1.0,[]
59.0,det_west_0,0,0.0,-1.0,[]
59.0,det_west_1,0,0.0,-1.0,[]
59.0,det_west_2,0,0.0,-1.0,[]
59.0,det_north_0,0,0.0,-1.0,[]
59.0,det_north_1,0,0.0,-1.0,[]
59.0,det_north_2,0,0.0,-1.0,[]
59.0,det_south_0,0,0.0,-1.0,[]
59.0,det_south_1,0,0.0,-1.0,[]
59.0,det_south_2,0,0.0,-1.0,[]
60.0,det_east_0,0,0.0,-1.0,[]
60.0,det_east_1,0,0.0,-1.0,[]
60.0,det_east_2,0,0.0,-1.0,[]
60.0,det_west_0,0,0.0,-1.0,[]
60.0,det_west_1,0,0.0,-1.0,[]
60.0,det_west_2,0,0.0,-1.0,[]
60.0,det_north_0,0,0.0,-1.0,[]
60.0,det_north_1,0,0.0,-1.0,[]
60.0,det_north_2,0,0.0,-1.0,[]
60.0,det_south_0,0,0.0,-1.0,[]
60.0,det_south_1,0,0.0,-1.0,[]
60.0,det_south_2,0,0.0,-1.0,[]
61.0,det_east_0,0,0.0,-1.0,[]
61.0,det_east_1,0,0.0,-1.0,[]
61.0,det_east_2,0,0.0,-1.0,[]
61.0,det_west_0,0,0.0,-1.0,[]
61.0,det_west_1,0,0.0,-1.0,[]
61.0,det_west_2,0,0.0,-1.0,[]
61.0,det_north_0,0,0.0,-1.0,[]
61.0,det_north_1,0,0.0,-1.0,[]
61.0,det_north_2,0,0.0,-1.0,[]
61.0,det_south_0,0,0.0,-1.0,[]
61.0,det_south_1,0,0.0,-1.0,[]
61.0,det_south_2,0,0.0,-1.0,[]
62.0,det_east_0,0,0.0,-1.0,[]
62.0,det_east_1,0,0.0,-1.0,[]
62.0,det_east_2,0,0.0,-1.0,[]
62.0,det_west_0,0,0.0,-1.0,[]
62.0,det_west_1,0,0.0,-1.0,[]
62.0,det_west_2,0,0.0,-1.0,[]
62.0,det_north_0,0,0.0,-1.0,[]
62.0,det_north_1,0,0.0,-1.0,[]
62.0,det_north_2,0,0.0,-1.0,[]
62.0,det_south_0,0,0.0,-1.0,[]
62.0,det_south_1,0,0.0,-1.0,[]
62.0,det_south_2,0,0.0,-1.0,[]
63.0,det_east_0,0,0.0,-1.0,[]
63.0,det_east_1,0,0.0,-1.0,[]
63.0,det_east_2,0,0.0,-1.0,[]
63.0,det_west_0,0,0.0,-1.0,[]
63.0,det_west_1,0,0.0,-1.0,[]
63.0,det_west_2,0,0.0,-1.0,[]
63.0,det_north_0,0,0.0,-1.0,[]
63.0,det_north_1,0,0.0,-1.0,[]
63.0,det_north_2,0,0.0,-1.0,[]
63.0,det_south_0,0,0.0,-1.0,[]
63.0,det_south_1,0,0.0,-1.0,[]
63.0,det_south_2,0,0.0,-1.0,[]
64.0,det_east_0,0,0.0,-1.0,[]
64.0,det_east_1,0,0.0,-1.0,[]
64.0,det_east_2,0,0.0,-1.0,[]
64.0,det_west_0,0,0.0,-1.0,[]
64.0,det_west_1,0,0.0,-1.0,[]
64.0,det_west_2,0,0.0,-1.0,[]
64.0,det_north_0,0,0.0,-1.0,[]
64.0,det_north_1,0,0.0,-1.0,[]
64.0,det_north_2,0,0.0,-1.0,[]
64.0,det_south_0,0,0.0,-1.0,[]
64.0,det_south_1,0,0.0,-1.0,[]
64.0,det_south_2,0,0.0,-1.0,[]
65.0,det_east_0,0,0.0,-1.0,[]
65.0,det_east_1,0,0.0,-1.0,[]
65.0,det_east_2,0,0.0,-1.0,[]
65.0,det_west_0,0,0.0,-1.0,[]
65.0,det_west_1,0,0.0,-1.0,[]
65.0,det_west_2,0,0.0,-1.0,[]
65.0,det_north_0,0,0.0,-1.0,[]
65.0,det_north_1,1,33.48769080904219,14.930859307414302,['flow_north_straight.2']
65.0,det_north_2,0,0.0,-1.0,[]
65.0,det_south_0,0,0.0,-1.0,[]
65.0,det_south_1,1,2.2183550641898364,13.382012419488142,['flow_south_straight.2']
65.0,det_south_2,0,0.0,-1.0,[]
66.0,det_east_0,0,0.0,-1.0,[]
66.0,det_east_1,0,0.0,-1.0,[]
66.0,det_east_2,0,0.0,-1.0,[]
66.0,det_west_0,0,0.0,-1.0,[]
66.0,det_west_1,0,0.0,-1.0,[]
66.0,det_west_2,0,0.0,-1.0,[]
66.0,det_north_0,0,0.0,-1.0,[]
66.0,det_north_1,0,0.0,-1.0,[]
66.0,det_north_2,0,0.0,-1.0,[]
66.0,det_south_0,0,0.0,-1.0,[]
66.0,det_south_1,1,0.0,-1.0,['flow_south_straight.2']
66.0,det_south_2,0,0.0,-1.0,[]
67.0,det_east_0,0,0.0,-1.0,[]
67.0,det_east_1,0,0.0,-1.0,[]
67.0,det_east_2,0,0.0,-1.0,[]
67.0,det_west_0,0,0.0,-1.0,[]
67.0,det_west_1,0,0.0,-1.0,[]
67.0,det_west_2,0,0.0,-1.0,[]
67.0,det_north_0,0,0.0,-1.0,[]
67.0,det_north_1,0,0.0,-1.0,[]
67.0,det_north_2,0,0.0,-1.0,[]
67.0,det_south_0,0,0.0,-1.0,[]
67.0,det_south_1,0,0.0,-1.0,[]
67.0,det_south_2,0,0.0,-1.0,[]
68.0,det_east_0,0,0.0,-1.0,[]
68.0,det_east_1,0,0.0,-1.0,[]
68.0,det_east_2,0,0.0,-1.0,[]
68.0,det_west_0,0,0.0,-1.0,[]
68.0,det_west_1,0,0.0,-1.0,[]
68.0,det_west_2,0,0.0,-1.0,[]
68.0,det_north_0,0,0.0,-1.0,[]
68.0,det_north_1,0,0.0,-1.0,[]
68.0,det_north_2,0,0.0,-1.0,[]
68.0,det_south_0,0,0.0,-1.0,[]
68.0,det_south_1,0,0.0,-1.0,[]
68.0,det_south_2,0,0.0,-1.0,[]
69.0,det_east_0,0,0.0,-1.0,[]
69.0,det_east_1,0,0.0,-1.0,[]
69.0,det_east_2,0,0.0,-1.0,[]
69.0,det_west_0,0,0.0,-1.0,[]
69.0,det_west_1,0,0.0,-1.0,[]
69.0,det_west_2,0,0.0,-1.0,[]
69.0,det_north_0,0,0.0,-1.0,[]
69.0,det_north_1,0,0.0,-1.0,[]
69.0,det_north_2,0,0.0,-1.0,[]
69.0,det_south_0,0,0.0,-1.0,[]
69.0,det_south_1,0,0.0,-1.0,[]
69.0,det_south_2,0,0.0,-1.0,[]
70.0,det_east_0,0,0.0,-1.0,[]
70.0,det_east_1,0,0.0,-1.0,[]
70.0,det_east_2,0,0.0,-1.0,[]
70.0,det_west_0,0,0.0,-1.0,[]
70.0,det_west_1,0,0.0,-1.0,[]
70.0,det_west_2,0,0.0,-1.0,[]
70.0,det_north_0,0,0.0,-1.0,[]
70.0,det_north_1,0,0.0,-1.0,[]
70.0,det_north_2,0,0.0,-1.0,[]
70.0,det_south_0,0,0.0,-1.0,[]
70.0,det_south_1,0,0.0,-1.0,[]
70.0,det_south_2,0,0.0,-1.0,[]
71.0,det_east_0,1,4.910899038864613,12.900387231555351,['flow_east_right.1']
71.0,det_east_1,1,7.060427136494241,10.377462330905185,['flow_east_straight.3']
71.0,det_east_2,0,0.0,-1.0,[]
71.0,det_west_0,1,37.6138790011467,13.292965609443177,['flow_west_right.1']
71.0,det_west_1,1,55.34376766237301,9.034440933806152,['flow_west_straight.3']
71.0,det_west_2,0,0.0,-1.0,[]
71.0,det_north_0,0,0.0,-1.0,[]
71.0,det_north_1,0,0.0,-1.0,[]
71.0,det_north_2,0,0.0,-1.0,[]
71.0,det_south_0,0,0.0,-1.0,[]
71.0,det_south_1,0,0.0,-1.0,[]
71.0,det_south_2,0,0.0,-1.0,[]
72.0,det_east_0,1,0.0,-1.0,['flow_east_right.1']
72.0,det_east_1,1,0.0,-1.0,['flow_east_straight.3']
72.0,det_east_2,1,38.7648155473471,12.898294315093624,['flow_east_left.1']
72.0,det_west_0,0,0.0,-1.0,[]
72.0,det_west_1,0,0.0,-1.0,[]
72.0,det_west_2,1,38.55742371419382,12.96767138038684,['flow_west_left.1']
72.0,det_north_0,0,0.0,-1.0,[]
72.0,det_north_1,0,0.0,-1.0,[]
72.0,det_north_2,0,0.0,-1.0,[]
72.0,det_south_0,0,0.0,-1.0,[]
72.0,det_south_1,0,0.0,-1.0,[]
72.0,det_south_2,0,0.0,-1.0,[]
73.0,det_east_0,0,0.0,-1.0,[]
73.0,det_east_1,0,0.0,-1.0,[]
73.0,det_east_2,0,0.0,-1.0,[]
73.0,det_west_0,0,0.0,-1.0,[]
73.0,det_west_1,0,0.0,-1.0,[]
73.0,det_west_2,0,0.0,-1.0,[]
73.0,det_north_0,0,0.0,-1.0,[]
73.0,det_north_1,0,0.0,-1.0,[]
73.0,det_north_2,0,0.0,-1.0,[]
73.0,det_south_0,0,0.0,-1.0,[]
73.0,det_south_1,0,0.0,-1.0,[]
73.0,det_south_2,0,0.0,-1.0,[]
74.0,det_east_0,0,0.0,-1.0,[]
74.0,det_east_1,0,0.0,-1.0,[]
74.0,det_east_2,0,0.0,-1.0,[]
74.0,det_west_0,0,0.0,-1.0,[]
74.0,det_west_1,0,0.0,-1.0,[]
74.0,det_west_2,0,0.0,-1.0,[]
74.0,det_north_0,0,0.0,-1.0,[]
74.0,det_north_1,0,0.0,-1.0,[]
74.0,det_north_2,0,0.0,-1.0,[]
74.0,det_south_0,0,0.0,-1.0,[]
74.0,det_south_1,0,0.0,-1.0,[]
74.0,det_south_2,0,0.0,-1.0,[]
75.0,det_east_0,0,0.0,-1.0,[]
75.0,det_east_1,0,0.0,-1.0,[]
75.0,det_east_2,0,0.0,-1.0,[]
75.0,det_west_0,0,0.0,-1.0,[]
75.0,det_west_1,0,0.0,-1.0,[]
75.0,det_west_2,0,0.0,-1.0,[]
75.0,det_north_0,0,0.0,-1.0,[]
75.0,det_north_1,0,0.0,-1.0,[]
75.0,det_north_2,0,0.0,-1.0,[]
75.0,det_south_0,0,0.0,-1.0,[]
75.0,det_south_1,0,0.0,-1.0,[]
75.0,det_south_2,0,0.0,-1.0,[]
76.0,det_east_0,0,0.0,-1.0,[]
76.0,det_east_1,0,0.0,-1.0,[]
76.0,det_east_2,0,0.0,-1.0,[]
76.0,det_west_0,0,0.0,-1.0,[]
76.0,det_west_1,0,0.0,-1.0,[]
76.0,det_west_2,0,0.0,-1.0,[]
76.0,det_north_0,0,0.0,-1.0,[]
76.0,det_north_1,0,0.0,-1.0,[]
76.0,det_north_2,0,0.0,-1.0,[]
76.0,det_south_0,0,0.0,-1.0,[]
76.0,det_south_1,0,0.0,-1.0,[]
76.0,det_south_2,0,0.0,-1.0,[]
77.0,det_east_0,0,0.0,-1.0,[]
77.0,det_east_1,0,0.0,-1.0,[]
77.0,det_east_2,0,0.0,-1.0,[]
77.0,det_west_0,0,0.0,-1.0,[]
77.0,det_west_1,0,0.0,-1.0,[]
77.0,det_west_2,0,0.0,-1.0,[]
77.0,det_north_0,0,0.0,-1.0,[]
77.0,det_north_1,0,0.0,-1.0,[]
77.0,det_north_2,0,0.0,-1.0,[]
77.0,det_south_0,0,0.0,-1.0,[]
77.0,det_south_1,0,0.0,-1.0,[]
77.0,det_south_2,0,0.0,-1.0,[]
78.0,det_east_0,0,0.0,-1.0,[]
78.0,det_east_1,0,0.0,-1.0,[]
78.0,det_east_2,0,0.0,-1.0,[]
78.0,det_west_0,0,0.0,-1.0,[]
78.0,det_west_1,0,0.0,-1.0,[]
78.0,det_west_2,0,0.0,-1.0,[]
78.0,det_north_0,0,0.0,-1.0,[]
78.0,det_north_1,0,0.0,-1.0,[]
78.0,det_north_2,0,0.0,-1.0,[]
78.0,det_south_0,0,0.0,-1.0,[]
78.0,det_south_1,0,0.0,-1.0,[]
78.0,det_south_2,0,0.0,-1.0,[]
79.0,det_east_0,0,0.0,-1.0,[]
79.0,det_east_1,0,0.0,-1.0,[]
79.0,det_east_2,0,0.0,-1.0,[]
79.0,det_west_0,0,0.0,-1.0,[]
79.0,det_west_1,0,0.0,-1.0,[]
79.0,det_west_2,0,0.0,-1.0,[]
79.0,det_north_0,0,0.0,-1.0,[]
79.0,det_north_1,0,0.0,-1.0,[]
79.0,det_north_2,0,0.0,-1.0,[]
79.0,det_south_0,0,0.0,-1.0,[]
79.0,det_south_1,0,0.0,-1.0,[]
79.0,det_south_2,0,0.0,-1.0,[]
80.0,det_east_0,0,0.0,-1.0,[]
80.0,det_east_1,0,0.0,-1.0,[]
80.0,det_east_2,0,0.0,-1.0,[]
80.0,det_west_0,0,0.0,-1.0,[]
80.0,det_west_1,0,0.0,-1.0,[]
80.0,det_west_2,0,0.0,-1.0,[]
80.0,det_north_0,0,0.0,-1.0,[]
80.0,det_north_1,0,0.0,-1.0,[]
80.0,det_north_2,0,0.0,-1.0,[]
80.0,det_south_0,0,0.0,-1.0,[]
80.0,det_south_1,0,0.0,-1.0,[]
80.0,det_south_2,0,0.0,-1.0,[]
81.0,det_east_0,0,0.0,-1.0,[]
81.0,det_east_1,0,0.0,-1.0,[]
81.0,det_east_2,0,0.0,-1.0,[]
81.0,det_west_0,0,0.0,-1.0,[]
81.0,det_west_1,0,0.0,-1.0,[]
81.0,det_west_2,0,0.0,-1.0,[]
81.0,det_north_0,0,0.0,-1.0,[]
81.0,det_north_1,0,0.0,-1.0,[]
81.0,det_north_2,0,0.0,-1.0,[]
81.0,det_south_0,0,0.0,-1.0,[]
81.0,det_south_1,0,0.0,-1.0,[]
81.0,det_south_2,0,0.0,-1.0,[]
82.0,det_east_0,0,0.0,-1.0,[]
82.0,det_east_1,0,0.0,-1.0,[]
82.0,det_east_2,0,0.0,-1.0,[]
82.0,det_west_0,0,0.0,-1.0,[]
82.0,det_west_1,0,0.0,-1.0,[]
82.0,det_west_2,0,0.0,-1.0,[]
82.0,det_north_0,0,0.0,-1.0,[]
82.0,det_north_1,0,0.0,-1.0,[]
82.0,det_north_2,0,0.0,-1.0,[]
82.0,det_south_0,0,0.0,-1.0,[]
82.0,det_south_1,0,0.0,-1.0,[]
82.0,det_south_2,0,0.0,-1.0,[]
83.0,det_east_0,0,0.0,-1.0,[]
83.0,det_east_1,0,0.0,-1.0,[]
83.0,det_east_2,0,0.0,-1.0,[]
83.0,det_west_0,0,0.0,-1.0,[]
83.0,det_west_1,0,0.0,-1.0,[]
83.0,det_west_2,0,0.0,-1.0,[]
83.0,det_north_0,0,0.0,-1.0,[]
83.0,det_north_1,0,0.0,-1.0,[]
83.0,det_north_2,0,0.0,-1.0,[]
83.0,det_south_0,0,0.0,-1.0,[]
83.0,det_south_1,0,0.0,-1.0,[]
83.0,det_south_2,0,0.0,-1.0,[]
84.0,det_east_0,0,0.0,-1.0,[]
84.0,det_east_1,0,0.0,-1.0,[]
84.0,det_east_2,0,0.0,-1.0,[]
84.0,det_west_0,0,0.0,-1.0,[]
84.0,det_west_1,0,0.0,-1.0,[]
84.0,det_west_2,0,0.0,-1.0,[]
84.0,det_north_0,0,0.0,-1.0,[]
84.0,det_north_1,0,0.0,-1.0,[]
84.0,det_north_2,0,0.0,-1.0,[]
84.0,det_south_0,0,0.0,-1.0,[]
84.0,det_south_1,0,0.0,-1.0,[]
84.0,det_south_2,0,0.0,-1.0,[]
85.0,det_east_0,0,0.0,-1.0,[]
85.0,det_east_1,0,0.0,-1.0,[]
85.0,det_east_2,0,0.0,-1.0,[]
85.0,det_west_0,0,0.0,-1.0,[]
85.0,det_west_1,0,0.0,-1.0,[]
85.0,det_west_2,0,0.0,-1.0,[]
85.0,det_north_0,0,0.0,-1.0,[]
85.0,det_north_1,0,0.0,-1.0,[]
85.0,det_north_2,0,0.0,-1.0,[]
85.0,det_south_0,0,0.0,-1.0,[]
85.0,det_south_1,0,0.0,-1.0,[]
85.0,det_south_2,0,0.0,-1.0,[]
86.0,det_east_0,0,0.0,-1.0,[]
86.0,det_east_1,0,0.0,-1.0,[]
86.0,det_east_2,0,0.0,-1.0,[]
86.0,det_west_0,0,0.0,-1.0,[]
86.0,det_west_1,0,0.0,-1.0,[]
86.0,det_west_2,0,0.0,-1.0,[]
86.0,det_north_0,0,0.0,-1.0,[]
86.0,det_north_1,0,0.0,-1.0,[]
86.0,det_north_2,0,0.0,-1.0,[]
86.0,det_south_0,0,0.0,-1.0,[]
86.0,det_south_1,0,0.0,-1.0,[]
86.0,det_south_2,0,0.0,-1.0,[]
87.0,det_east_0,0,0.0,-1.0,[]
87.0,det_east_1,0,0.0,-1.0,[]
87.0,det_east_2,0,0.0,-1.0,[]
87.0,det_west_0,0,0.0,-1.0,[]
87.0,det_west_1,0,0.0,-1.0,[]
87.0,det_west_2,0,0.0,-1.0,[]
87.0,det_north_0,0,0.0,-1.0,[]
87.0,det_north_1,0,0.0,-1.0,[]
87.0,det_north_2,0,0.0,-1.0,[]
87.0,det_south_0,0,0.0,-1.0,[]
87.0,det_south_1,0,0.0,-1.0,[]
87.0,det_south_2,0,0.0,-1.0,[]
88.0,det_east_0,0,0.0,-1.0,[]
88.0,det_east_1,0,0.0,-1.0,[]
88.0,det_east_2,0,0.0,-1.0,[]
88.0,det_west_0,0,0.0,-1.0,[]
88.0,det_west_1,0,0.0,-1.0,[]
88.0,det_west_2,0,0.0,-1.0,[]
88.0,det_north_0,0,0.0,-1.0,[]
88.0,det_north_1,0,0.0,-1.0,[]
88.0,det_north_2,0,0.0,-1.0,[]
88.0,det_south_0,0,0.0,-1.0,[]
88.0,det_south_1,0,0.0,-1.0,[]
88.0,det_south_2,0,0.0,-1.0,[]
89.0,det_east_0,0,0.0,-1.0,[]
89.0,det_east_1,0,0.0,-1.0,[]
89.0,det_east_2,0,0.0,-1.0,[]
89.0,det_west_0,0,0.0,-1.0,[]
89.0,det_west_1,0,0.0,-1.0,[]
89.0,det_west_2,0,0.0,-1.0,[]
89.0,det_north_0,0,0.0,-1.0,[]
89.0,det_north_1,0,0.0,-1.0,[]
89.0,det_north_2,0,0.0,-1.0,[]
89.0,det_south_0,0,0.0,-1.0,[]
89.0,det_south_1,0,0.0,-1.0,[]
89.0,det_south_2,0,0.0,-1.0,[]
90.0,det_east_0,0,0.0,-1.0,[]
90.0,det_east_1,0,0.0,-1.0,[]
90.0,det_east_2,0,0.0,-1.0,[]
90.0,det_west_0,0,0.0,-1.0,[]
90.0,det_west_1,0,0.0,-1.0,[]
90.0,det_west_2,0,0.0,-1.0,[]
90.0,det_north_0,0,0.0,-1.0,[]
90.0,det_north_1,0,0.0,-1.0,[]
90.0,det_north_2,0,0.0,-1.0,[]
90.0,det_south_0,0,0.0,-1.0,[]
90.0,det_south_1,0,0.0,-1.0,[]
90.0,det_south_2,0,0.0,-1.0,[]
91.0,det_east_0,0,0.0,-1.0,[]
91.0,det_east_1,1,30.660834847398633,6.201212851569073,['flow_east_straight.4']
91.0,det_east_2,0,0.0,-1.0,[]
91.0,det_west_0,0,0.0,-1.0,[]
91.0,det_west_1,0,0.0,-1.0,[]
91.0,det_west_2,0,0.0,-1.0,[]
91.0,det_north_0,0,0.0,-1.0,[]
91.0,det_north_1,1,2.2380921811560484,14.489541854540015,['flow_north_straight.3']
91.0,det_north_2,0,0.0,-1.0,[]
91.0,det_south_0,0,0.0,-1.0,[]
91.0,det_south_1,0,0.0,-1.0,[]
91.0,det_south_2,0,0.0,-1.0,[]
92.0,det_east_0,0,0.0,-1.0,[]
92.0,det_east_1,1,100.0,-1.0,['flow_east_straight.4']
92.0,det_east_2,0,0.0,-1.0,[]
92.0,det_west_0,0,0.0,-1.0,[]
92.0,det_west_1,0,0.0,-1.0,[]
92.0,det_west_2,0,0.0,-1.0,[]
92.0,det_north_0,0,0.0,-1.0,[]
92.0,det_north_1,1,0.0,-1.0,['flow_north_straight.3']
92.0,det_north_2,0,0.0,-1.0,[]
92.0,det_south_0,1,40.18630478752101,12.442049664523129,['flow_south_right.1']
92.0,det_south_1,1,16.25380179205962,13.15318138128849,['flow_south_straight.3']
92.0,det_south_2,0,0.0,-1.0,[]
93.0,det_east_0,0,0.0,-1.0,[]
93.0,det_east_1,1,100.0,-1.0,['flow_east_straight.4']
93.0,det_east_2,0,0.0,-1.0,[]
93.0,det_west_0,0,0.0,-1.0,[]
93.0,det_west_1,1,45.866442083534764,5.497286985486686,['flow_west_straight.4']
93.0,det_west_2,0,0.0,-1.0,[]
93.0,det_north_0,1,44.81764862820086,11.135578542240157,['flow_north_right.1']
93.0,det_north_1,0,0.0,-1.0,[]
93.0,det_north_2,1,41.98713626176698,11.908409206161899,['flow_north_left.1']
93.0,det_south_0,0,0.0,-1.0,[]
93.0,det_south_1,1,0.0,-1.0,['flow_south_straight.3']
93.0,det_south_2,1,28.74283731364926,11.474560915235765,['flow_south_left.1']
94.0,det_east_0,0,0.0,-1.0,[]
94.0,det_east_1,1,100.0,-1.0,['flow_east_straight.4']
94.0,det_east_2,0,0.0,-1.0,[]
94.0,det_west_0,0,0.0,-1.0,[]
94.0,det_west_1,1,100.0,-1.0,['flow_west_straight.4']
94.0,det_west_2,0,0.0,-1.0,[]
94.0,det_north_0,1,0.0,-1.0,['flow_north_right.1']
94.0,det_north_1,0,0.0,-1.0,[]
94.0,det_north_2,0,0.0,-1.0,[]
94.0,det_south_0,0,0.0,-1.0,[]
94.0,det_south_1,0,0.0,-1.0,[]
94.0,det_south_2,1,0.0,-1.0,['flow_south_left.1']
95.0,det_east_0,0,0.0,-1.0,[]
95.0,det_east_1,1,100.0,-1.0,['flow_east_straight.4']
95.0,det_east_2,0,0.0,-1.0,[]
95.0,det_west_0,0,0.0,-1.0,[]
95.0,det_west_1,1,100.0,-1.0,['flow_west_straight.4']
95.0,det_west_2,0,0.0,-1.0,[]
95.0,det_north_0,0,0.0,-1.0,[]
95.0,det_north_1,0,0.0,-1.0,[]
95.0,det_north_2,0,0.0,-1.0,[]
95.0,det_south_0,0,0.0,-1.0,[]
95.0,det_south_1,0,0.0,-1.0,[]
95.0,det_south_2,0,0.0,-1.0,[]
96.0,det_east_0,0,0.0,-1.0,[]
96.0,det_east_1,1,100.0,-1.0,['flow_east_straight.4']
96.0,det_east_2,0,0.0,-1.0,[]
96.0,det_west_0,0,0.0,-1.0,[]
96.0,det_west_1,1,100.0,-1.0,['flow_west_straight.4']
96.0,det_west_2,0,0.0,-1.0,[]
96.0,det_north_0,0,0.0,-1.0,[]
96.0,det_north_1,0,0.0,-1.0,[]
96.0,det_north_2,0,0.0,-1.0,[]
96.0,det_south_0,0,0.0,-1.0,[]
96.0,det_south_1,0,0.0,-1.0,[]
96.0,det_south_2,0,0.0,-1.0,[]
97.0,det_east_0,0,0.0,-1.0,[]
97.0,det_east_1,1,100.0,-1.0,['flow_east_straight.4']
97.0,det_east_2,0,0.0,-1.0,[]
97.0,det_west_0,0,0.0,-1.0,[]
97.0,det_west_1,1,100.0,-1.0,['flow_west_straight.4']
97.0,det_west_2,0,0.0,-1.0,[]
97.0,det_north_0,0,0.0,-1.0,[]
97.0,det_north_1,0,0.0,-1.0,[]
97.0,det_north_2,0,0.0,-1.0,[]
97.0,det_south_0,0,0.0,-1.0,[]
97.0,det_south_1,0,0.0,-1.0,[]
97.0,det_south_2,0,0.0,-1.0,[]
98.0,det_east_0,0,0.0,-1.0,[]
98.0,det_east_1,1,100.0,-1.0,['flow_east_straight.4']
98.0,det_east_2,0,0.0,-1.0,[]
98.0,det_west_0,0,0.0,-1.0,[]
98.0,det_west_1,1,100.0,-1.0,['flow_west_straight.4']
98.0,det_west_2,0,0.0,-1.0,[]
98.0,det_north_0,0,0.0,-1.0,[]
98.0,det_north_1,0,0.0,-1.0,[]
98.0,det_north_2,0,0.0,-1.0,[]
98.0,det_south_0,0,0.0,-1.0,[]
98.0,det_south_1,0,0.0,-1.0,[]
98.0,det_south_2,0,0.0,-1.0,[]
99.0,det_east_0,0,0.0,-1.0,[]
99.0,det_east_1,1,100.0,-1.0,['flow_east_straight.4']
99.0,det_east_2,0,0.0,-1.0,[]
99.0,det_west_0,0,0.0,-1.0,[]
99.0,det_west_1,1,100.0,-1.0,['flow_west_straight.4']
99.0,det_west_2,0,0.0,-1.0,[]
99.0,det_north_0,0,0.0,-1.0,[]
99.0,det_north_1,0,0.0,-1.0,[]
99.0,det_north_2,0,0.0,-1.0,[]
99.0,det_south_0,0,0.0,-1.0,[]
99.0,det_south_1,0,0.0,-1.0,[]
99.0,det_south_2,0,0.0,-1.0,[]
100.0,det_east_0,0,0.0,-1.0,[]
100.0,det_east_1,1,100.0,-1.0,['flow_east_straight.4']
100.0,det_east_2,0,0.0,-1.0,[]
100.0,det_west_0,0,0.0,-1.0,[]
100.0,det_west_1,1,100.0,-1.0,['flow_west_straight.4']
100.0,det_west_2,0,0.0,-1.0,[]
100.0,det_north_0,0,0.0,-1.0,[]
100.0,det_north_1,0,0.0,-1.0,[]
100.0,det_north_2,0,0.0,-1.0,[]
100.0,det_south_0,0,0.0,-1.0,[]
100.0,det_south_1,0,0.0,-1.0,[]
100.0,det_south_2,0,0.0,-1.0,[]
101.0,det_east_0,0,0.0,-1.0,[]
101.0,det_east_1,1,100.0,-1.0,['flow_east_straight.4']
101.0,det_east_2,0,0.0,-1.0,[]
101.0,det_west_0,0,0.0,-1.0,[]
101.0,det_west_1,1,100.0,-1.0,['flow_west_straight.4']
101.0,det_west_2,0,0.0,-1.0,[]
101.0,det_north_0,0,0.0,-1.0,[]
101.0,det_north_1,0,0.0,-1.0,[]
101.0,det_north_2,0,0.0,-1.0,[]
101.0,det_south_0,0,0.0,-1.0,[]
101.0,det_south_1,0,0.0,-1.0,[]
101.0,det_south_2,0,0.0,-1.0,[]
102.0,det_east_0,0,0.0,-1.0,[]
102.0,det_east_1,1,100.0,-1.0,['flow_east_straight.4']
102.0,det_east_2,0,0.0,-1.0,[]
102.0,det_west_0,0,0.0,-1.0,[]
102.0,det_west_1,1,100.0,-1.0,['flow_west_straight.4']
102.0,det_west_2,0,0.0,-1.0,[]
102.0,det_north_0,0,0.0,-1.0,[]
102.0,det_north_1,0,0.0,-1.0,[]
102.0,det_north_2,0,0.0,-1.0,[]
102.0,det_south_0,0,0.0,-1.0,[]
102.0,det_south_1,0,0.0,-1.0,[]
102.0,det_south_2,0,0.0,-1.0,[]
103.0,det_east_0,0,0.0,-1.0,[]
103.0,det_east_1,1,100.0,-1.0,['flow_east_straight.4']
103.0,det_east_2,0,0.0,-1.0,[]
103.0,det_west_0,0,0.0,-1.0,[]
103.0,det_west_1,1,100.0,-1.0,['flow_west_straight.4']
103.0,det_west_2,0,0.0,-1.0,[]
103.0,det_north_0,0,0.0,-1.0,[]
103.0,det_north_1,0,0.0,-1.0,[]
103.0,det_north_2,0,0.0,-1.0,[]
103.0,det_south_0,0,0.0,-1.0,[]
103.0,det_south_1,0,0.0,-1.0,[]
103.0,det_south_2,0,0.0,-1.0,[]
104.0,det_east_0,0,0.0,-1.0,[]
104.0,det_east_1,1,100.0,-1.0,['flow_east_straight.4']
104.0,det_east_2,0,0.0,-1.0,[]
104.0,det_west_0,0,0.0,-1.0,[]
104.0,det_west_1,1,100.0,-1.0,['flow_west_straight.4']
104.0,det_west_2,0,0.0,-1.0,[]
104.0,det_north_0,0,0.0,-1.0,[]
104.0,det_north_1,0,0.0,-1.0,[]
104.0,det_north_2,0,0.0,-1.0,[]
104.0,det_south_0,0,0.0,-1.0,[]
104.0,det_south_1,0,0.0,-1.0,[]
104.0,det_south_2,0,0.0,-1.0,[]
105.0,det_east_0,0,0.0,-1.0,[]
105.0,det_east_1,1,100.0,-1.0,['flow_east_straight.4']
105.0,det_east_2,0,0.0,-1.0,[]
105.0,det_west_0,0,0.0,-1.0,[]
105.0,det_west_1,1,100.0,-1.0,['flow_west_straight.4']
105.0,det_west_2,0,0.0,-1.0,[]
105.0,det_north_0,0,0.0,-1.0,[]
105.0,det_north_1,0,0.0,-1.0,[]
105.0,det_north_2,0,0.0,-1.0,[]
105.0,det_south_0,0,0.0,-1.0,[]
105.0,det_south_1,0,0.0,-1.0,[]
105.0,det_south_2,0,0.0,-1.0,[]
106.0,det_east_0,0,0.0,-1.0,[]
106.0,det_east_1,1,100.0,-1.0,['flow_east_straight.4']
106.0,det_east_2,0,0.0,-1.0,[]
106.0,det_west_0,0,0.0,-1.0,[]
106.0,det_west_1,1,100.0,-1.0,['flow_west_straight.4']
106.0,det_west_2,0,0.0,-1.0,[]
106.0,det_north_0,0,0.0,-1.0,[]
106.0,det_north_1,0,0.0,-1.0,[]
106.0,det_north_2,0,0.0,-1.0,[]
106.0,det_south_0,0,0.0,-1.0,[]
106.0,det_south_1,0,0.0,-1.0,[]
106.0,det_south_2,0,0.0,-1.0,[]
107.0,det_east_0,0,0.0,-1.0,[]
107.0,det_east_1,1,100.0,-1.0,['flow_east_straight.4']
107.0,det_east_2,0,0.0,-1.0,[]
107.0,det_west_0,0,0.0,-1.0,[]
107.0,det_west_1,1,100.0,-1.0,['flow_west_straight.4']
107.0,det_west_2,0,0.0,-1.0,[]
107.0,det_north_0,0,0.0,-1.0,[]
107.0,det_north_1,0,0.0,-1.0,[]
107.0,det_north_2,0,0.0,-1.0,[]
107.0,det_south_0,0,0.0,-1.0,[]
107.0,det_south_1,0,0.0,-1.0,[]
107.0,det_south_2,0,0.0,-1.0,[]
108.0,det_east_0,0,0.0,-1.0,[]
108.0,det_east_1,1,100.0,-1.0,['flow_east_straight.4']
108.0,det_east_2,0,0.0,-1.0,[]
108.0,det_west_0,0,0.0,-1.0,[]
108.0,det_west_1,1,100.0,-1.0,['flow_west_straight.4']
108.0,det_west_2,0,0.0,-1.0,[]
108.0,det_north_0,0,0.0,-1.0,[]
108.0,det_north_1,0,0.0,-1.0,[]
108.0,det_north_2,0,0.0,-1.0,[]
108.0,det_south_0,0,0.0,-1.0,[]
108.0,det_south_1,0,0.0,-1.0,[]
108.0,det_south_2,0,0.0,-1.0,[]
109.0,det_east_0,0,0.0,-1.0,[]
109.0,det_east_1,1,100.0,-1.0,['flow_east_straight.4']
109.0,det_east_2,0,0.0,-1.0,[]
109.0,det_west_0,0,0.0,-1.0,[]
109.0,det_west_1,1,100.0,-1.0,['flow_west_straight.4']
109.0,det_west_2,0,0.0,-1.0,[]
109.0,det_north_0,0,0.0,-1.0,[]
109.0,det_north_1,0,0.0,-1.0,[]
109.0,det_north_2,0,0.0,-1.0,[]
109.0,det_south_0,0,0.0,-1.0,[]
109.0,det_south_1,0,0.0,-1.0,[]
109.0,det_south_2,0,0.0,-1.0,[]
110.0,det_east_0,0,0.0,-1.0,[]
110.0,det_east_1,1,100.0,-1.0,['flow_east_straight.4']
110.0,det_east_2,0,0.0,-1.0,[]
110.0,det_west_0,0,0.0,-1.0,[]
110.0,det_west_1,1,100.0,-1.0,['flow_west_straight.4']
110.0,det_west_2,0,0.0,-1.0,[]
110.0,det_north_0,0,0.0,-1.0,[]
110.0,det_north_1,0,0.0,-1.0,[]
110.0,det_north_2,0,0.0,-1.0,[]
110.0,det_south_0,0,0.0,-1.0,[]
110.0,det_south_1,0,0.0,-1.0,[]
110.0,det_south_2,0,0.0,-1.0,[]
111.0,det_east_0,0,0.0,-1.0,[]
111.0,det_east_1,1,100.0,-1.0,['flow_east_straight.4']
111.0,det_east_2,0,0.0,-1.0,[]
111.0,det_west_0,0,0.0,-1.0,[]
111.0,det_west_1,1,100.0,-1.0,['flow_west_straight.4']
111.0,det_west_2,0,0.0,-1.0,[]
111.0,det_north_0,0,0.0,-1.0,[]
111.0,det_north_1,0,0.0,-1.0,[]
111.0,det_north_2,0,0.0,-1.0,[]
111.0,det_south_0,0,0.0,-1.0,[]
111.0,det_south_1,0,0.0,-1.0,[]
111.0,det_south_2,0,0.0,-1.0,[]
112.0,det_east_0,0,0.0,-1.0,[]
112.0,det_east_1,1,100.0,-1.0,['flow_east_straight.4']
112.0,det_east_2,0,0.0,-1.0,[]
112.0,det_west_0,0,0.0,-1.0,[]
112.0,det_west_1,1,100.0,-1.0,['flow_west_straight.4']
112.0,det_west_2,0,0.0,-1.0,[]
112.0,det_north_0,0,0.0,-1.0,[]
112.0,det_north_1,0,0.0,-1.0,[]
112.0,det_north_2,0,0.0,-1.0,[]
112.0,det_south_0,0,0.0,-1.0,[]
112.0,det_south_1,0,0.0,-1.0,[]
112.0,det_south_2,0,0.0,-1.0,[]
113.0,det_east_0,0,0.0,-1.0,[]
113.0,det_east_1,1,100.0,-1.0,['flow_east_straight.4']
113.0,det_east_2,0,0.0,-1.0,[]
113.0,det_west_0,0,0.0,-1.0,[]
113.0,det_west_1,1,100.0,-1.0,['flow_west_straight.4']
113.0,det_west_2,0,0.0,-1.0,[]
113.0,det_north_0,0,0.0,-1.0,[]
113.0,det_north_1,0,0.0,-1.0,[]
113.0,det_north_2,0,0.0,-1.0,[]
113.0,det_south_0,0,0.0,-1.0,[]
113.0,det_south_1,0,0.0,-1.0,[]
113.0,det_south_2,0,0.0,-1.0,[]
114.0,det_east_0,0,0.0,-1.0,[]
114.0,det_east_1,1,100.0,-1.0,['flow_east_straight.4']
114.0,det_east_2,0,0.0,-1.0,[]
114.0,det_west_0,0,0.0,-1.0,[]
114.0,det_west_1,1,100.0,-1.0,['flow_west_straight.4']
114.0,det_west_2,0,0.0,-1.0,[]
114.0,det_north_0,0,0.0,-1.0,[]
114.0,det_north_1,0,0.0,-1.0,[]
114.0,det_north_2,0,0.0,-1.0,[]
114.0,det_south_0,0,0.0,-1.0,[]
114.0,det_south_1,0,0.0,-1.0,[]
114.0,det_south_2,0,0.0,-1.0,[]
115.0,det_east_0,0,0.0,-1.0,[]
115.0,det_east_1,1,100.0,-1.0,['flow_east_straight.4']
115.0,det_east_2,0,0.0,-1.0,[]
115.0,det_west_0,0,0.0,-1.0,[]
115.0,det_west_1,1,100.0,-1.0,['flow_west_straight.4']
115.0,det_west_2,0,0.0,-1.0,[]
115.0,det_north_0,0,0.0,-1.0,[]
115.0,det_north_1,0,0.0,-1.0,[]
115.0,det_north_2,0,0.0,-1.0,[]
115.0,det_south_0,0,0.0,-1.0,[]
115.0,det_south_1,0,0.0,-1.0,[]
115.0,det_south_2,0,0.0,-1.0,[]
116.0,det_east_0,0,0.0,-1.0,[]
116.0,det_east_1,1,100.0,-1.0,['flow_east_straight.4']
116.0,det_east_2,0,0.0,-1.0,[]
116.0,det_west_0,0,0.0,-1.0,[]
116.0,det_west_1,1,100.0,-1.0,['flow_west_straight.4']
116.0,det_west_2,0,0.0,-1.0,[]
116.0,det_north_0,0,0.0,-1.0,[]
116.0,det_north_1,0,0.0,-1.0,[]
116.0,det_north_2,0,0.0,-1.0,[]
116.0,det_south_0,0,0.0,-1.0,[]
116.0,det_south_1,0,0.0,-1.0,[]
116.0,det_south_2,0,0.0,-1.0,[]
117.0,det_east_0,0,0.0,-1.0,[]
117.0,det_east_1,1,100.0,-1.0,['flow_east_straight.4']
117.0,det_east_2,0,0.0,-1.0,[]
117.0,det_west_0,0,0.0,-1.0,[]
117.0,det_west_1,1,100.0,-1.0,['flow_west_straight.4']
117.0,det_west_2,0,0.0,-1.0,[]
117.0,det_north_0,0,0.0,-1.0,[]
117.0,det_north_1,0,0.0,-1.0,[]
117.0,det_north_2,0,0.0,-1.0,[]
117.0,det_south_0,0,0.0,-1.0,[]
117.0,det_south_1,0,0.0,-1.0,[]
117.0,det_south_2,0,0.0,-1.0,[]
118.0,det_east_0,0,0.0,-1.0,[]
118.0,det_east_1,1,100.0,-1.0,['flow_east_straight.4']
118.0,det_east_2,0,0.0,-1.0,[]
118.0,det_west_0,0,0.0,-1.0,[]
118.0,det_west_1,1,100.0,-1.0,['flow_west_straight.4']
118.0,det_west_2,0,0.0,-1.0,[]
118.0,det_north_0,0,0.0,-1.0,[]
118.0,det_north_1,1,36.240289979112106,13.796799095376612,['flow_north_straight.4']
118.0,det_north_2,0,0.0,-1.0,[]
118.0,det_south_0,0,0.0,-1.0,[]
118.0,det_south_1,0,0.0,-1.0,[]
118.0,det_south_2,0,0.0,-1.0,[]
119.0,det_east_0,0,0.0,-1.0,[]
119.0,det_east_1,1,100.0,-1.0,['flow_east_straight.4']
119.0,det_east_2,0,0.0,-1.0,[]
119.0,det_west_0,0,0.0,-1.0,[]
119.0,det_west_1,1,100.0,-1.0,['flow_west_straight.4']
119.0,det_west_2,0,0.0,-1.0,[]
119.0,det_north_0,0,0.0,-1.0,[]
119.0,det_north_1,0,0.0,-1.0,[]
119.0,det_north_2,0,0.0,-1.0,[]
119.0,det_south_0,0,0.0,-1.0,[]
119.0,det_south_1,0,0.0,-1.0,[]
119.0,det_south_2,0,0.0,-1.0,[]
120.0,det_east_0,0,0.0,-1.0,[]
120.0,det_east_1,1,100.0,-1.0,['flow_east_straight.4']
120.0,det_east_2,0,0.0,-1.0,[]
120.0,det_west_0,0,0.0,-1.0,[]
120.0,det_west_1,1,100.0,-1.0,['flow_west_straight.4']
120.0,det_west_2,0,0.0,-1.0,[]
120.0,det_north_0,0,0.0,-1.0,[]
120.0,det_north_1,0,0.0,-1.0,[]
120.0,det_north_2,0,0.0,-1.0,[]
120.0,det_south_0,0,0.0,-1.0,[]
120.0,det_south_1,1,42.213225723789094,11.844629057054672,['flow_south_straight.4']
120.0,det_south_2,0,0.0,-1.0,[]
121.0,det_east_0,0,0.0,-1.0,[]
121.0,det_east_1,1,100.0,-1.0,['flow_east_straight.4']
121.0,det_east_2,0,0.0,-1.0,[]
121.0,det_west_0,0,0.0,-1.0,[]
121.0,det_west_1,1,100.0,-1.0,['flow_west_straight.4']
121.0,det_west_2,0,0.0,-1.0,[]
121.0,det_north_0,0,0.0,-1.0,[]
121.0,det_north_1,0,0.0,-1.0,[]
121.0,det_north_2,0,0.0,-1.0,[]
121.0,det_south_0,0,0.0,-1.0,[]
121.0,det_south_1,0,0.0,-1.0,[]
121.0,det_south_2,0,0.0,-1.0,[]
122.0,det_east_0,0,0.0,-1.0,[]
122.0,det_east_1,1,100.0,-1.0,['flow_east_straight.4']
122.0,det_east_2,0,0.0,-1.0,[]
122.0,det_west_0,0,0.0,-1.0,[]
122.0,det_west_1,1,100.0,-1.0,['flow_west_straight.4']
122.0,det_west_2,0,0.0,-1.0,[]
122.0,det_north_0,0,0.0,-1.0,[]
122.0,det_north_1,0,0.0,-1.0,[]
122.0,det_north_2,0,0.0,-1.0,[]
122.0,det_south_0,0,0.0,-1.0,[]
122.0,det_south_1,0,0.0,-1.0,[]
122.0,det_south_2,0,0.0,-1.0,[]
123.0,det_east_0,0,0.0,-1.0,[]
123.0,det_east_1,1,100.0,-1.0,['flow_east_straight.4']
123.0,det_east_2,0,0.0,-1.0,[]
123.0,det_west_0,0,0.0,-1.0,[]
123.0,det_west_1,1,100.0,-1.0,['flow_west_straight.4']
123.0,det_west_2,0,0.0,-1.0,[]
123.0,det_north_0,0,0.0,-1.0,[]
123.0,det_north_1,0,0.0,-1.0,[]
123.0,det_north_2,0,0.0,-1.0,[]
123.0,det_south_0,0,0.0,-1.0,[]
123.0,det_south_1,0,0.0,-1.0,[]
123.0,det_south_2,0,0.0,-1.0,[]
124.0,det_east_0,0,0.0,-1.0,[]
124.0,det_east_1,1,100.0,-1.0,['flow_east_straight.4']
124.0,det_east_2,0,0.0,-1.0,[]
124.0,det_west_0,0,0.0,-1.0,[]
124.0,det_west_1,1,100.0,-1.0,['flow_west_straight.4']
124.0,det_west_2,0,0.0,-1.0,[]
124.0,det_north_0,0,0.0,-1.0,[]
124.0,det_north_1,0,0.0,-1.0,[]
124.0,det_north_2,0,0.0,-1.0,[]
124.0,det_south_0,0,0.0,-1.0,[]
124.0,det_south_1,0,0.0,-1.0,[]
124.0,det_south_2,0,0.0,-1.0,[]
125.0,det_east_0,0,0.0,-1.0,[]
125.0,det_east_1,1,100.0,-1.0,['flow_east_straight.4']
125.0,det_east_2,0,0.0,-1.0,[]
125.0,det_west_0,0,0.0,-1.0,[]
125.0,det_west_1,1,100.0,-1.0,['flow_west_straight.4']
125.0,det_west_2,0,0.0,-1.0,[]
125.0,det_north_0,0,0.0,-1.0,[]
125.0,det_north_1,0,0.0,-1.0,[]
125.0,det_north_2,0,0.0,-1.0,[]
125.0,det_south_0,0,0.0,-1.0,[]
125.0,det_south_1,0,0.0,-1.0,[]
125.0,det_south_2,0,0.0,-1.0,[]
126.0,det_east_0,0,0.0,-1.0,[]
126.0,det_east_1,1,100.0,-1.0,['flow_east_straight.4']
126.0,det_east_2,0,0.0,-1.0,[]
126.0,det_west_0,0,0.0,-1.0,[]
126.0,det_west_1,1,100.0,-1.0,['flow_west_straight.4']
126.0,det_west_2,0,0.0,-1.0,[]
126.0,det_north_0,0,0.0,-1.0,[]
126.0,det_north_1,0,0.0,-1.0,[]
126.0,det_north_2,0,0.0,-1.0,[]
126.0,det_south_0,0,0.0,-1.0,[]
126.0,det_south_1,0,0.0,-1.0,[]
126.0,det_south_2,0,0.0,-1.0,[]
127.0,det_east_0,0,0.0,-1.0,[]
127.0,det_east_1,1,100.0,-1.0,['flow_east_straight.4']
127.0,det_east_2,0,0.0,-1.0,[]
127.0,det_west_0,0,0.0,-1.0,[]
127.0,det_west_1,1,100.0,-1.0,['flow_west_straight.4']
127.0,det_west_2,0,0.0,-1.0,[]
127.0,det_north_0,0,0.0,-1.0,[]
127.0,det_north_1,0,0.0,-1.0,[]
127.0,det_north_2,0,0.0,-1.0,[]
127.0,det_south_0,0,0.0,-1.0,[]
127.0,det_south_1,0,0.0,-1.0,[]
127.0,det_south_2,0,0.0,-1.0,[]
128.0,det_east_0,0,0.0,-1.0,[]
128.0,det_east_1,1,100.0,-1.0,['flow_east_straight.4']
128.0,det_east_2,0,0.0,-1.0,[]
128.0,det_west_0,0,0.0,-1.0,[]
128.0,det_west_1,1,100.0,-1.0,['flow_west_straight.4']
128.0,det_west_2,0,0.0,-1.0,[]
128.0,det_north_0,0,0.0,-1.0,[]
128.0,det_north_1,0,0.0,-1.0,[]
128.0,det_north_2,0,0.0,-1.0,[]
128.0,det_south_0,0,0.0,-1.0,[]
128.0,det_south_1,0,0.0,-1.0,[]
128.0,det_south_2,0,0.0,-1.0,[]
129.0,det_east_0,0,0.0,-1.0,[]
129.0,det_east_1,1,100.0,-1.0,['flow_east_straight.4']
129.0,det_east_2,0,0.0,-1.0,[]
129.0,det_west_0,0,0.0,-1.0,[]
129.0,det_west_1,1,100.0,-1.0,['flow_west_straight.4']
129.0,det_west_2,0,0.0,-1.0,[]
129.0,det_north_0,0,0.0,-1.0,[]
129.0,det_north_1,0,0.0,-1.0,[]
129.0,det_north_2,0,0.0,-1.0,[]
129.0,det_south_0,0,0.0,-1.0,[]
129.0,det_south_1,0,0.0,-1.0,[]
129.0,det_south_2,0,0.0,-1.0,[]
130.0,det_east_0,0,0.0,-1.0,[]
130.0,det_east_1,1,100.0,-1.0,['flow_east_straight.4']
130.0,det_east_2,1,20.027607082886334,14.429878856238666,['flow_east_left.2']
130.0,det_west_0,0,0.0,-1.0,[]
130.0,det_west_1,1,100.0,-1.0,['flow_west_straight.4']
130.0,det_west_2,0,0.0,-1.0,[]
130.0,det_north_0,0,0.0,-1.0,[]
130.0,det_north_1,0,0.0,-1.0,[]
130.0,det_north_2,0,0.0,-1.0,[]
130.0,det_south_0,0,0.0,-1.0,[]
130.0,det_south_1,0,0.0,-1.0,[]
130.0,det_south_2,0,0.0,-1.0,[]
131.0,det_east_0,1,0.36731806338821116,12.524024722720311,['flow_east_right.2']
131.0,det_east_1,1,100.0,-1.0,['flow_east_straight.4']
131.0,det_east_2,1,0.0,-1.0,['flow_east_left.2']
131.0,det_west_0,0,0.0,-1.0,[]
131.0,det_west_1,1,100.0,-1.0,['flow_west_straight.4']
131.0,det_west_2,1,32.20778151842865,13.117721946157868,['flow_west_left.2']
131.0,det_north_0,0,0.0,-1.0,[]
131.0,det_north_1,0,0.0,-1.0,[]
131.0,det_north_2,0,0.0,-1.0,[]
131.0,det_south_0,0,0.0,-1.0,[]
131.0,det_south_1,0,0.0,-1.0,[]
131.0,det_south_2,0,0.0,-1.0,[]
132.0,det_east_0,1,0.0,-1.0,['flow_east_right.2']
132.0,det_east_1,1,100.0,-1.0,['flow_east_straight.4']
132.0,det_east_2,0,0.0,-1.0,[]
132.0,det_west_0,1,29.809245357358805,12.245916809233533,['flow_west_right.2']
132.0,det_west_1,1,100.0,-1.0,['flow_west_straight.4']
132.0,det_west_2,1,0.0,-1.0,['flow_west_left.2']
132.0,det_north_0,0,0.0,-1.0,[]
132.0,det_north_1,0,0.0,-1.0,[]
132.0,det_north_2,0,0.0,-1.0,[]
132.0,det_south_0,0,0.0,-1.0,[]
132.0,det_south_1,0,0.0,-1.0,[]
132.0,det_south_2,0,0.0,-1.0,[]
133.0,det_east_0,0,0.0,-1.0,[]
133.0,det_east_1,1,100.0,-1.0,['flow_east_straight.4']
133.0,det_east_2,0,0.0,-1.0,[]
133.0,det_west_0,1,0.0,-1.0,['flow_west_right.2']
133.0,det_west_1,1,100.0,-1.0,['flow_west_straight.4']
133.0,det_west_2,0,0.0,-1.0,[]
133.0,det_north_0,0,0.0,-1.0,[]
133.0,det_north_1,0,0.0,-1.0,[]
133.0,det_north_2,0,0.0,-1.0,[]
133.0,det_south_0,0,0.0,-1.0,[]
133.0,det_south_1,0,0.0,-1.0,[]
133.0,det_south_2,0,0.0,-1.0,[]
134.0,det_east_0,0,0.0,-1.0,[]
134.0,det_east_1,1,100.0,-1.0,['flow_east_straight.4']
134.0,det_east_2,0,0.0,-1.0,[]
134.0,det_west_0,0,0.0,-1.0,[]
134.0,det_west_1,1,100.0,-1.0,['flow_west_straight.4']
134.0,det_west_2,0,0.0,-1.0,[]
134.0,det_north_0,0,0.0,-1.0,[]
134.0,det_north_1,0,0.0,-1.0,[]
134.0,det_north_2,0,0.0,-1.0,[]
134.0,det_south_0,0,0.0,-1.0,[]
134.0,det_south_1,0,0.0,-1.0,[]
134.0,det_south_2,0,0.0,-1.0,[]
135.0,det_east_0,0,0.0,-1.0,[]
135.0,det_east_1,1,100.0,-1.0,['flow_east_straight.4']
135.0,det_east_2,0,0.0,-1.0,[]
135.0,det_west_0,0,0.0,-1.0,[]
135.0,det_west_1,1,100.0,-1.0,['flow_west_straight.4']
135.0,det_west_2,0,0.0,-1.0,[]
135.0,det_north_0,0,0.0,-1.0,[]
135.0,det_north_1,0,0.0,-1.0,[]
135.0,det_north_2,0,0.0,-1.0,[]
135.0,det_south_0,0,0.0,-1.0,[]
135.0,det_south_1,0,0.0,-1.0,[]
135.0,det_south_2,0,0.0,-1.0,[]
136.0,det_east_0,0,0.0,-1.0,[]
136.0,det_east_1,1,100.0,-1.0,['flow_east_straight.4']
136.0,det_east_2,0,0.0,-1.0,[]
136.0,det_west_0,0,0.0,-1.0,[]
136.0,det_west_1,1,100.0,-1.0,['flow_west_straight.4']
136.0,det_west_2,0,0.0,-1.0,[]
136.0,det_north_0,0,0.0,-1.0,[]
136.0,det_north_1,0,0.0,-1.0,[]
136.0,det_north_2,0,0.0,-1.0,[]
136.0,det_south_0,0,0.0,-1.0,[]
136.0,det_south_1,0,0.0,-1.0,[]
136.0,det_south_2,0,0.0,-1.0,[]
137.0,det_east_0,0,0.0,-1.0,[]
137.0,det_east_1,1,100.0,-1.0,['flow_east_straight.4']
137.0,det_east_2,0,0.0,-1.0,[]
137.0,det_west_0,0,0.0,-1.0,[]
137.0,det_west_1,1,100.0,-1.0,['flow_west_straight.4']
137.0,det_west_2,0,0.0,-1.0,[]
137.0,det_north_0,0,0.0,-1.0,[]
137.0,det_north_1,0,0.0,-1.0,[]
137.0,det_north_2,0,0.0,-1.0,[]
137.0,det_south_0,0,0.0,-1.0,[]
137.0,det_south_1,0,0.0,-1.0,[]
137.0,det_south_2,0,0.0,-1.0,[]
138.0,det_east_0,0,0.0,-1.0,[]
138.0,det_east_1,1,100.0,-1.0,['flow_east_straight.4']
138.0,det_east_2,0,0.0,-1.0,[]
138.0,det_west_0,0,0.0,-1.0,[]
138.0,det_west_1,1,100.0,-1.0,['flow_west_straight.4']
138.0,det_west_2,0,0.0,-1.0,[]
138.0,det_north_0,0,0.0,-1.0,[]
138.0,det_north_1,0,0.0,-1.0,[]
138.0,det_north_2,0,0.0,-1.0,[]
138.0,det_south_0,0,0.0,-1.0,[]
138.0,det_south_1,0,0.0,-1.0,[]
138.0,det_south_2,0,0.0,-1.0,[]
139.0,det_east_0,0,0.0,-1.0,[]
139.0,det_east_1,1,100.0,-1.0,['flow_east_straight.4']
139.0,det_east_2,0,0.0,-1.0,[]
139.0,det_west_0,0,0.0,-1.0,[]
139.0,det_west_1,1,100.0,-1.0,['flow_west_straight.4']
139.0,det_west_2,0,0.0,-1.0,[]
139.0,det_north_0,0,0.0,-1.0,[]
139.0,det_north_1,0,0.0,-1.0,[]
139.0,det_north_2,0,0.0,-1.0,[]
139.0,det_south_0,0,0.0,-1.0,[]
139.0,det_south_1,0,0.0,-1.0,[]
139.0,det_south_2,0,0.0,-1.0,[]
140.0,det_east_0,0,0.0,-1.0,[]
140.0,det_east_1,1,100.0,-1.0,['flow_east_straight.4']
140.0,det_east_2,0,0.0,-1.0,[]
140.0,det_west_0,0,0.0,-1.0,[]
140.0,det_west_1,1,100.0,-1.0,['flow_west_straight.4']
140.0,det_west_2,0,0.0,-1.0,[]
140.0,det_north_0,0,0.0,-1.0,[]
140.0,det_north_1,0,0.0,-1.0,[]
140.0,det_north_2,0,0.0,-1.0,[]
140.0,det_south_0,0,0.0,-1.0,[]
140.0,det_south_1,0,0.0,-1.0,[]
140.0,det_south_2,0,0.0,-1.0,[]
141.0,det_east_0,0,0.0,-1.0,[]
141.0,det_east_1,1,100.0,-1.0,['flow_east_straight.4']
141.0,det_east_2,0,0.0,-1.0,[]
141.0,det_west_0,0,0.0,-1.0,[]
141.0,det_west_1,1,100.0,-1.0,['flow_west_straight.4']
141.0,det_west_2,0,0.0,-1.0,[]
141.0,det_north_0,0,0.0,-1.0,[]
141.0,det_north_1,0,0.0,-1.0,[]
141.0,det_north_2,0,0.0,-1.0,[]
141.0,det_south_0,0,0.0,-1.0,[]
141.0,det_south_1,0,0.0,-1.0,[]
141.0,det_south_2,0,0.0,-1.0,[]
142.0,det_east_0,0,0.0,-1.0,[]
142.0,det_east_1,1,100.0,-1.0,['flow_east_straight.4']
142.0,det_east_2,0,0.0,-1.0,[]
142.0,det_west_0,0,0.0,-1.0,[]
142.0,det_west_1,1,100.0,-1.0,['flow_west_straight.4']
142.0,det_west_2,0,0.0,-1.0,[]
142.0,det_north_0,0,0.0,-1.0,[]
142.0,det_north_1,0,0.0,-1.0,[]
142.0,det_north_2,0,0.0,-1.0,[]
142.0,det_south_0,0,0.0,-1.0,[]
142.0,det_south_1,0,0.0,-1.0,[]
142.0,det_south_2,0,0.0,-1.0,[]
143.0,det_east_0,0,0.0,-1.0,[]
143.0,det_east_1,1,100.0,-1.0,['flow_east_straight.4']
143.0,det_east_2,0,0.0,-1.0,[]
143.0,det_west_0,0,0.0,-1.0,[]
143.0,det_west_1,1,100.0,-1.0,['flow_west_straight.4']
143.0,det_west_2,0,0.0,-1.0,[]
143.0,det_north_0,0,0.0,-1.0,[]
143.0,det_north_1,0,0.0,-1.0,[]
143.0,det_north_2,0,0.0,-1.0,[]
143.0,det_south_0,0,0.0,-1.0,[]
143.0,det_south_1,0,0.0,-1.0,[]
143.0,det_south_2,0,0.0,-1.0,[]
144.0,det_east_0,0,0.0,-1.0,[]
144.0,det_east_1,1,100.0,-1.0,['flow_east_straight.4']
144.0,det_east_2,0,0.0,-1.0,[]
144.0,det_west_0,0,0.0,-1.0,[]
144.0,det_west_1,1,100.0,-1.0,['flow_west_straight.4']
144.0,det_west_2,0,0.0,-1.0,[]
144.0,det_north_0,0,0.0,-1.0,[]
144.0,det_north_1,0,0.0,-1.0,[]
144.0,det_north_2,0,0.0,-1.0,[]
144.0,det_south_0,0,0.0,-1.0,[]
144.0,det_south_1,1,2.688156066298575,14.83314692200429,['flow_south_straight.5']
144.0,det_south_2,0,0.0,-1.0,[]
145.0,det_east_0,0,0.0,-1.0,[]
145.0,det_east_1,1,100.0,-1.0,['flow_east_straight.4']
145.0,det_east_2,0,0.0,-1.0,[]
145.0,det_west_0,0,0.0,-1.0,[]
145.0,det_west_1,1,100.0,-1.0,['flow_west_straight.4']
145.0,det_west_2,0,0.0,-1.0,[]
145.0,det_north_0,0,0.0,-1.0,[]
145.0,det_north_1,1,26.179505163190697,13.391996925172016,['flow_north_straight.5']
145.0,det_north_2,0,0.0,-1.0,[]
145.0,det_south_0,0,0.0,-1.0,[]
145.0,det_south_1,1,0.0,-1.0,['flow_south_straight.5']
145.0,det_south_2,0,0.0,-1.0,[]
146.0,det_east_0,0,0.0,-1.0,[]
146.0,det_east_1,1,100.0,-1.0,['flow_east_straight.4']
146.0,det_east_2,0,0.0,-1.0,[]
146.0,det_west_0,0,0.0,-1.0,[]
146.0,det_west_1,1,100.0,-1.0,['flow_west_straight.4']
146.0,det_west_2,0,0.0,-1.0,[]
146.0,det_north_0,0,0.0,-1.0,[]
146.0,det_north_1,1,0.0,-1.0,['flow_north_straight.5']
146.0,det_north_2,0,0.0,-1.0,[]
146.0,det_south_0,0,0.0,-1.0,[]
146.0,det_south_1,0,0.0,-1.0,[]
146.0,det_south_2,0,0.0,-1.0,[]
147.0,det_east_0,0,0.0,-1.0,[]
147.0,det_east_1,1,100.0,-1.0,['flow_east_straight.4']
147.0,det_east_2,0,0.0,-1.0,[]
147.0,det_west_0,0,0.0,-1.0,[]
147.0,det_west_1,1,100.0,-1.0,['flow_west_straight.4']
147.0,det_west_2,0,0.0,-1.0,[]
147.0,det_north_0,0,0.0,-1.0,[]
147.0,det_north_1,0,0.0,-1.0,[]
147.0,det_north_2,0,0.0,-1.0,[]
147.0,det_south_0,0,0.0,-1.0,[]
147.0,det_south_1,0,0.0,-1.0,[]
147.0,det_south_2,0,0.0,-1.0,[]
148.0,det_east_0,0,0.0,-1.0,[]
148.0,det_east_1,1,100.0,-1.0,['flow_east_straight.4']
148.0,det_east_2,0,0.0,-1.0,[]
148.0,det_west_0,0,0.0,-1.0,[]
148.0,det_west_1,1,100.0,-1.0,['flow_west_straight.4']
148.0,det_west_2,0,0.0,-1.0,[]
148.0,det_north_0,0,0.0,-1.0,[]
148.0,det_north_1,0,0.0,-1.0,[]
148.0,det_north_2,0,0.0,-1.0,[]
148.0,det_south_0,0,0.0,-1.0,[]
148.0,det_south_1,0,0.0,-1.0,[]
148.0,det_south_2,0,0.0,-1.0,[]
149.0,det_east_0,0,0.0,-1.0,[]
149.0,det_east_1,1,100.0,-1.0,['flow_east_straight.4']
149.0,det_east_2,0,0.0,-1.0,[]
149.0,det_west_0,0,0.0,-1.0,[]
149.0,det_west_1,1,100.0,-1.0,['flow_west_straight.4']
149.0,det_west_2,0,0.0,-1.0,[]
149.0,det_north_0,0,0.0,-1.0,[]
149.0,det_north_1,0,0.0,-1.0,[]
149.0,det_north_2,0,0.0,-1.0,[]
149.0,det_south_0,0,0.0,-1.0,[]
149.0,det_south_1,0,0.0,-1.0,[]
149.0,det_south_2,0,0.0,-1.0,[]
150.0,det_east_0,0,0.0,-1.0,[]
150.0,det_east_1,1,100.0,-1.0,['flow_east_straight.4']
150.0,det_east_2,0,0.0,-1.0,[]
150.0,det_west_0,0,0.0,-1.0,[]
150.0,det_west_1,1,100.0,-1.0,['flow_west_straight.4']
150.0,det_west_2,0,0.0,-1.0,[]
150.0,det_north_0,0,0.0,-1.0,[]
150.0,det_north_1,0,0.0,-1.0,[]
150.0,det_north_2,0,0.0,-1.0,[]
150.0,det_south_0,0,0.0,-1.0,[]
150.0,det_south_1,0,0.0,-1.0,[]
150.0,det_south_2,0,0.0,-1.0,[]
151.0,det_east_0,0,0.0,-1.0,[]
151.0,det_east_1,1,100.0,-1.0,['flow_east_straight.4']
151.0,det_east_2,0,0.0,-1.0,[]
151.0,det_west_0,0,0.0,-1.0,[]
151.0,det_west_1,1,100.0,-1.0,['flow_west_straight.4']
151.0,det_west_2,0,0.0,-1.0,[]
151.0,det_north_0,0,0.0,-1.0,[]
151.0,det_north_1,0,0.0,-1.0,[]
151.0,det_north_2,0,0.0,-1.0,[]
151.0,det_south_0,0,0.0,-1.0,[]
151.0,det_south_1,0,0.0,-1.0,[]
151.0,det_south_2,0,0.0,-1.0,[]
152.0,det_east_0,0,0.0,-1.0,[]
152.0,det_east_1,1,100.0,-1.0,['flow_east_straight.4']
152.0,det_east_2,0,0.0,-1.0,[]
152.0,det_west_0,0,0.0,-1.0,[]
152.0,det_west_1,1,100.0,-1.0,['flow_west_straight.4']
152.0,det_west_2,0,0.0,-1.0,[]
152.0,det_north_0,0,0.0,-1.0,[]
152.0,det_north_1,0,0.0,-1.0,[]
152.0,det_north_2,0,0.0,-1.0,[]
152.0,det_south_0,0,0.0,-1.0,[]
152.0,det_south_1,0,0.0,-1.0,[]
152.0,det_south_2,0,0.0,-1.0,[]
153.0,det_east_0,0,0.0,-1.0,[]
153.0,det_east_1,1,100.0,-1.0,['flow_east_straight.4']
153.0,det_east_2,0,0.0,-1.0,[]
153.0,det_west_0,0,0.0,-1.0,[]
153.0,det_west_1,1,100.0,-1.0,['flow_west_straight.4']
153.0,det_west_2,0,0.0,-1.0,[]
153.0,det_north_0,0,0.0,-1.0,[]
153.0,det_north_1,0,0.0,-1.0,[]
153.0,det_north_2,0,0.0,-1.0,[]
153.0,det_south_0,0,0.0,-1.0,[]
153.0,det_south_1,0,0.0,-1.0,[]
153.0,det_south_2,0,0.0,-1.0,[]
154.0,det_east_0,0,0.0,-1.0,[]
154.0,det_east_1,1,100.0,-1.0,['flow_east_straight.4']
154.0,det_east_2,0,0.0,-1.0,[]
154.0,det_west_0,0,0.0,-1.0,[]
154.0,det_west_1,1,100.0,-1.0,['flow_west_straight.4']
154.0,det_west_2,0,0.0,-1.0,[]
154.0,det_north_0,0,0.0,-1.0,[]
154.0,det_north_1,0,0.0,-1.0,[]
154.0,det_north_2,0,0.0,-1.0,[]
154.0,det_south_0,0,0.0,-1.0,[]
154.0,det_south_1,0,0.0,-1.0,[]
154.0,det_south_2,0,0.0,-1.0,[]
155.0,det_east_0,0,0.0,-1.0,[]
155.0,det_east_1,1,100.0,-1.0,['flow_east_straight.4']
155.0,det_east_2,0,0.0,-1.0,[]
155.0,det_west_0,0,0.0,-1.0,[]
155.0,det_west_1,1,100.0,-1.0,['flow_west_straight.4']
155.0,det_west_2,0,0.0,-1.0,[]
155.0,det_north_0,0,0.0,-1.0,[]
155.0,det_north_1,0,0.0,-1.0,[]
155.0,det_north_2,0,0.0,-1.0,[]
155.0,det_south_0,0,0.0,-1.0,[]
155.0,det_south_1,0,0.0,-1.0,[]
155.0,det_south_2,0,0.0,-1.0,[]
156.0,det_east_0,0,0.0,-1.0,[]
156.0,det_east_1,1,100.0,-1.0,['flow_east_straight.4']
156.0,det_east_2,0,0.0,-1.0,[]
156.0,det_west_0,0,0.0,-1.0,[]
156.0,det_west_1,1,100.0,-1.0,['flow_west_straight.4']
156.0,det_west_2,0,0.0,-1.0,[]
156.0,det_north_0,0,0.0,-1.0,[]
156.0,det_north_1,0,0.0,-1.0,[]
156.0,det_north_2,0,0.0,-1.0,[]
156.0,det_south_0,0,0.0,-1.0,[]
156.0,det_south_1,0,0.0,-1.0,[]
156.0,det_south_2,0,0.0,-1.0,[]
157.0,det_east_0,0,0.0,-1.0,[]
157.0,det_east_1,1,100.0,-1.0,['flow_east_straight.4']
157.0,det_east_2,0,0.0,-1.0,[]
157.0,det_west_0,0,0.0,-1.0,[]
157.0,det_west_1,1,100.0,-1.0,['flow_west_straight.4']
157.0,det_west_2,0,0.0,-1.0,[]
157.0,det_north_0,0,0.0,-1.0,[]
157.0,det_north_1,0,0.0,-1.0,[]
157.0,det_north_2,0,0.0,-1.0,[]
157.0,det_south_0,0,0.0,-1.0,[]
157.0,det_south_1,0,0.0,-1.0,[]
157.0,det_south_2,0,0.0,-1.0,[]
158.0,det_east_0,0,0.0,-1.0,[]
158.0,det_east_1,1,100.0,-1.0,['flow_east_straight.4']
158.0,det_east_2,0,0.0,-1.0,[]
158.0,det_west_0,0,0.0,-1.0,[]
158.0,det_west_1,1,100.0,-1.0,['flow_west_straight.4']
158.0,det_west_2,0,0.0,-1.0,[]
158.0,det_north_0,0,0.0,-1.0,[]
158.0,det_north_1,0,0.0,-1.0,[]
158.0,det_north_2,0,0.0,-1.0,[]
158.0,det_south_0,0,0.0,-1.0,[]
158.0,det_south_1,0,0.0,-1.0,[]
158.0,det_south_2,0,0.0,-1.0,[]
159.0,det_east_0,0,0.0,-1.0,[]
159.0,det_east_1,1,100.0,-1.0,['flow_east_straight.4']
159.0,det_east_2,0,0.0,-1.0,[]
159.0,det_west_0,0,0.0,-1.0,[]
159.0,det_west_1,1,100.0,-1.0,['flow_west_straight.4']
159.0,det_west_2,0,0.0,-1.0,[]
159.0,det_north_0,0,0.0,-1.0,[]
159.0,det_north_1,0,0.0,-1.0,[]
159.0,det_north_2,0,0.0,-1.0,[]
159.0,det_south_0,0,0.0,-1.0,[]
159.0,det_south_1,0,0.0,-1.0,[]
159.0,det_south_2,0,0.0,-1.0,[]
160.0,det_east_0,0,0.0,-1.0,[]
160.0,det_east_1,1,100.0,-1.0,['flow_east_straight.4']
160.0,det_east_2,0,0.0,-1.0,[]
160.0,det_west_0,0,0.0,-1.0,[]
160.0,det_west_1,1,100.0,-1.0,['flow_west_straight.4']
160.0,det_west_2,0,0.0,-1.0,[]
160.0,det_north_0,0,0.0,-1.0,[]
160.0,det_north_1,0,0.0,-1.0,[]
160.0,det_north_2,0,0.0,-1.0,[]
160.0,det_south_0,0,0.0,-1.0,[]
160.0,det_south_1,0,0.0,-1.0,[]
160.0,det_south_2,0,0.0,-1.0,[]
161.0,det_east_0,0,0.0,-1.0,[]
161.0,det_east_1,1,100.0,-1.0,['flow_east_straight.4']
161.0,det_east_2,0,0.0,-1.0,[]
161.0,det_west_0,0,0.0,-1.0,[]
161.0,det_west_1,1,100.0,-1.0,['flow_west_straight.4']
161.0,det_west_2,0,0.0,-1.0,[]
161.0,det_north_0,0,0.0,-1.0,[]
161.0,det_north_1,0,0.0,-1.0,[]
161.0,det_north_2,0,0.0,-1.0,[]
161.0,det_south_0,0,0.0,-1.0,[]
161.0,det_south_1,0,0.0,-1.0,[]
161.0,det_south_2,0,0.0,-1.0,[]
162.0,det_east_0,0,0.0,-1.0,[]
162.0,det_east_1,1,100.0,-1.0,['flow_east_straight.4']
162.0,det_east_2,0,0.0,-1.0,[]
162.0,det_west_0,0,0.0,-1.0,[]
162.0,det_west_1,1,100.0,-1.0,['flow_west_straight.4']
162.0,det_west_2,0,0.0,-1.0,[]
162.0,det_north_0,0,0.0,-1.0,[]
162.0,det_north_1,0,0.0,-1.0,[]
162.0,det_north_2,0,0.0,-1.0,[]
162.0,det_south_0,0,0.0,-1.0,[]
162.0,det_south_1,0,0.0,-1.0,[]
162.0,det_south_2,0,0.0,-1.0,[]
163.0,det_east_0,0,0.0,-1.0,[]
163.0,det_east_1,1,100.0,-1.0,['flow_east_straight.4']
163.0,det_east_2,0,0.0,-1.0,[]
163.0,det_west_0,0,0.0,-1.0,[]
163.0,det_west_1,1,100.0,-1.0,['flow_west_straight.4']
163.0,det_west_2,0,0.0,-1.0,[]
163.0,det_north_0,0,0.0,-1.0,[]
163.0,det_north_1,0,0.0,-1.0,[]
163.0,det_north_2,0,0.0,-1.0,[]
163.0,det_south_0,0,0.0,-1.0,[]
163.0,det_south_1,0,0.0,-1.0,[]
163.0,det_south_2,0,0.0,-1.0,[]
164.0,det_east_0,0,0.0,-1.0,[]
164.0,det_east_1,1,100.0,-1.0,['flow_east_straight.4']
164.0,det_east_2,0,0.0,-1.0,[]
164.0,det_west_0,0,0.0,-1.0,[]
164.0,det_west_1,1,100.0,-1.0,['flow_west_straight.4']
164.0,det_west_2,0,0.0,-1.0,[]
164.0,det_north_0,0,0.0,-1.0,[]
164.0,det_north_1,0,0.0,-1.0,[]
164.0,det_north_2,0,0.0,-1.0,[]
164.0,det_south_0,0,0.0,-1.0,[]
164.0,det_south_1,0,0.0,-1.0,[]
164.0,det_south_2,0,0.0,-1.0,[]
165.0,det_east_0,0,0.0,-1.0,[]
165.0,det_east_1,1,100.0,-1.0,['flow_east_straight.4']
165.0,det_east_2,0,0.0,-1.0,[]
165.0,det_west_0,0,0.0,-1.0,[]
165.0,det_west_1,1,100.0,-1.0,['flow_west_straight.4']
165.0,det_west_2,0,0.0,-1.0,[]
165.0,det_north_0,0,0.0,-1.0,[]
165.0,det_north_1,0,0.0,-1.0,[]
165.0,det_north_2,0,0.0,-1.0,[]
165.0,det_south_0,0,0.0,-1.0,[]
165.0,det_south_1,0,0.0,-1.0,[]
165.0,det_south_2,0,0.0,-1.0,[]
166.0,det_east_0,0,0.0,-1.0,[]
166.0,det_east_1,1,100.0,-1.0,['flow_east_straight.4']
166.0,det_east_2,0,0.0,-1.0,[]
166.0,det_west_0,0,0.0,-1.0,[]
166.0,det_west_1,1,100.0,-1.0,['flow_west_straight.4']
166.0,det_west_2,0,0.0,-1.0,[]
166.0,det_north_0,0,0.0,-1.0,[]
166.0,det_north_1,0,0.0,-1.0,[]
166.0,det_north_2,0,0.0,-1.0,[]
166.0,det_south_0,0,0.0,-1.0,[]
166.0,det_south_1,0,0.0,-1.0,[]
166.0,det_south_2,0,0.0,-1.0,[]
167.0,det_east_0,0,0.0,-1.0,[]
167.0,det_east_1,1,100.0,-1.0,['flow_east_straight.4']
167.0,det_east_2,0,0.0,-1.0,[]
167.0,det_west_0,0,0.0,-1.0,[]
167.0,det_west_1,1,100.0,-1.0,['flow_west_straight.4']
167.0,det_west_2,0,0.0,-1.0,[]
167.0,det_north_0,0,0.0,-1.0,[]
167.0,det_north_1,0,0.0,-1.0,[]
167.0,det_north_2,0,0.0,-1.0,[]
167.0,det_south_0,0,0.0,-1.0,[]
167.0,det_south_1,0,0.0,-1.0,[]
167.0,det_south_2,0,0.0,-1.0,[]
168.0,det_east_0,0,0.0,-1.0,[]
168.0,det_east_1,1,100.0,-1.0,['flow_east_straight.4']
168.0,det_east_2,0,0.0,-1.0,[]
168.0,det_west_0,0,0.0,-1.0,[]
168.0,det_west_1,1,100.0,-1.0,['flow_west_straight.4']
168.0,det_west_2,0,0.0,-1.0,[]
168.0,det_north_0,0,0.0,-1.0,[]
168.0,det_north_1,0,0.0,-1.0,[]
168.0,det_north_2,0,0.0,-1.0,[]
168.0,det_south_0,0,0.0,-1.0,[]
168.0,det_south_1,0,0.0,-1.0,[]
168.0,det_south_2,0,0.0,-1.0,[]
169.0,det_east_0,0,0.0,-1.0,[]
169.0,det_east_1,1,100.0,-1.0,['flow_east_straight.4']
169.0,det_east_2,0,0.0,-1.0,[]
169.0,det_west_0,0,0.0,-1.0,[]
169.0,det_west_1,1,100.0,-1.0,['flow_west_straight.4']
169.0,det_west_2,0,0.0,-1.0,[]
169.0,det_north_0,0,0.0,-1.0,[]
169.0,det_north_1,0,0.0,-1.0,[]
169.0,det_north_2,0,0.0,-1.0,[]
169.0,det_south_0,0,0.0,-1.0,[]
169.0,det_south_1,0,0.0,-1.0,[]
169.0,det_south_2,0,0.0,-1.0,[]
170.0,det_east_0,0,0.0,-1.0,[]
170.0,det_east_1,1,100.0,-1.0,['flow_east_straight.4']
170.0,det_east_2,0,0.0,-1.0,[]
170.0,det_west_0,0,0.0,-1.0,[]
170.0,det_west_1,1,100.0,-1.0,['flow_west_straight.4']
170.0,det_west_2,0,0.0,-1.0,[]
170.0,det_north_0,0,0.0,-1.0,[]
170.0,det_north_1,0,0.0,-1.0,[]
170.0,det_north_2,0,0.0,-1.0,[]
170.0,det_south_0,1,2.918502173253046,14.63935202400151,['flow_south_right.2']
170.0,det_south_1,0,0.0,-1.0,[]
170.0,det_south_2,0,0.0,-1.0,[]
171.0,det_east_0,0,0.0,-1.0,[]
171.0,det_east_1,1,100.0,-1.0,['flow_east_straight.4']
171.0,det_east_2,0,0.0,-1.0,[]
171.0,det_west_0,0,0.0,-1.0,[]
171.0,det_west_1,1,100.0,-1.0,['flow_west_straight.4']
171.0,det_west_2,0,0.0,-1.0,[]
171.0,det_north_0,0,0.0,-1.0,[]
171.0,det_north_1,0,0.0,-1.0,[]
171.0,det_north_2,0,0.0,-1.0,[]
171.0,det_south_0,1,0.0,-1.0,['flow_south_right.2']
171.0,det_south_1,0,0.0,-1.0,[]
171.0,det_south_2,0,0.0,-1.0,[]
172.0,det_east_0,0,0.0,-1.0,[]
172.0,det_east_1,1,100.0,-1.0,['flow_east_straight.4']
172.0,det_east_2,0,0.0,-1.0,[]
172.0,det_west_0,0,0.0,-1.0,[]
172.0,det_west_1,1,100.0,-1.0,['flow_west_straight.4']
172.0,det_west_2,0,0.0,-1.0,[]
172.0,det_north_0,1,37.539340230731,13.319360354412483,['flow_north_right.2']
172.0,det_north_1,1,27.49583885512834,13.237465181582357,['flow_north_straight.6']
172.0,det_north_2,1,36.57818847409828,12.637859643052318,['flow_north_left.2']
172.0,det_south_0,0,0.0,-1.0,[]
172.0,det_south_1,1,35.98767591685714,13.893645178842817,['flow_south_straight.6']
172.0,det_south_2,1,39.183520949140416,12.760466336064898,['flow_south_left.2']
173.0,det_east_0,0,0.0,-1.0,[]
173.0,det_east_1,1,100.0,-1.0,['flow_east_straight.4']
173.0,det_east_2,0,0.0,-1.0,[]
173.0,det_west_0,0,0.0,-1.0,[]
173.0,det_west_1,1,100.0,-1.0,['flow_west_straight.4']
173.0,det_west_2,0,0.0,-1.0,[]
173.0,det_north_0,0,0.0,-1.0,[]
173.0,det_north_1,1,0.0,-1.0,['flow_north_straight.6']
173.0,det_north_2,1,0.0,-1.0,['flow_north_left.2']
173.0,det_south_0,0,0.0,-1.0,[]
173.0,det_south_1,0,0.0,-1.0,[]
173.0,det_south_2,0,0.0,-1.0,[]
174.0,det_east_0,0,0.0,-1.0,[]
174.0,det_east_1,1,100.0,-1.0,['flow_east_straight.4']
174.0,det_east_2,0,0.0,-1.0,[]
174.0,det_west_0,0,0.0,-1.0,[]
174.0,det_west_1,1,100.0,-1.0,['flow_west_straight.4']
174.0,det_west_2,0,0.0,-1.0,[]
174.0,det_north_0,0,0.0,-1.0,[]
174.0,det_north_1,0,0.0,-1.0,[]
174.0,det_north_2,0,0.0,-1.0,[]
174.0,det_south_0,0,0.0,-1.0,[]
174.0,det_south_1,0,0.0,-1.0,[]
174.0,det_south_2,0,0.0,-1.0,[]
175.0,det_east_0,0,0.0,-1.0,[]
175.0,det_east_1,1,100.0,-1.0,['flow_east_straight.4']
175.0,det_east_2,0,0.0,-1.0,[]
175.0,det_west_0,0,0.0,-1.0,[]
175.0,det_west_1,1,100.0,-1.0,['flow_west_straight.4']
175.0,det_west_2,0,0.0,-1.0,[]
175.0,det_north_0,0,0.0,-1.0,[]
175.0,det_north_1,0,0.0,-1.0,[]
175.0,det_north_2,0,0.0,-1.0,[]
175.0,det_south_0,0,0.0,-1.0,[]
175.0,det_south_1,0,0.0,-1.0,[]
175.0,det_south_2,0,0.0,-1.0,[]
176.0,det_east_0,0,0.0,-1.0,[]
176.0,det_east_1,1,100.0,-1.0,['flow_east_straight.4']
176.0,det_east_2,0,0.0,-1.0,[]
176.0,det_west_0,0,0.0,-1.0,[]
176.0,det_west_1,1,100.0,-1.0,['flow_west_straight.4']
176.0,det_west_2,0,0.0,-1.0,[]
176.0,det_north_0,0,0.0,-1.0,[]
176.0,det_north_1,0,0.0,-1.0,[]
176.0,det_north_2,0,0.0,-1.0,[]
176.0,det_south_0,0,0.0,-1.0,[]
176.0,det_south_1,0,0.0,-1.0,[]
176.0,det_south_2,0,0.0,-1.0,[]
177.0,det_east_0,0,0.0,-1.0,[]
177.0,det_east_1,1,100.0,-1.0,['flow_east_straight.4']
177.0,det_east_2,0,0.0,-1.0,[]
177.0,det_west_0,0,0.0,-1.0,[]
177.0,det_west_1,1,100.0,-1.0,['flow_west_straight.4']
177.0,det_west_2,0,0.0,-1.0,[]
177.0,det_north_0,0,0.0,-1.0,[]
177.0,det_north_1,0,0.0,-1.0,[]
177.0,det_north_2,0,0.0,-1.0,[]
177.0,det_south_0,0,0.0,-1.0,[]
177.0,det_south_1,0,0.0,-1.0,[]
177.0,det_south_2,0,0.0,-1.0,[]
178.0,det_east_0,0,0.0,-1.0,[]
178.0,det_east_1,1,100.0,-1.0,['flow_east_straight.4']
178.0,det_east_2,0,0.0,-1.0,[]
178.0,det_west_0,0,0.0,-1.0,[]
178.0,det_west_1,1,100.0,-1.0,['flow_west_straight.4']
178.0,det_west_2,0,0.0,-1.0,[]
178.0,det_north_0,0,0.0,-1.0,[]
178.0,det_north_1,0,0.0,-1.0,[]
178.0,det_north_2,0,0.0,-1.0,[]
178.0,det_south_0,0,0.0,-1.0,[]
178.0,det_south_1,0,0.0,-1.0,[]
178.0,det_south_2,0,0.0,-1.0,[]
179.0,det_east_0,0,0.0,-1.0,[]
179.0,det_east_1,1,100.0,-1.0,['flow_east_straight.4']
179.0,det_east_2,0,0.0,-1.0,[]
179.0,det_west_0,0,0.0,-1.0,[]
179.0,det_west_1,1,100.0,-1.0,['flow_west_straight.4']
179.0,det_west_2,0,0.0,-1.0,[]
179.0,det_north_0,0,0.0,-1.0,[]
179.0,det_north_1,0,0.0,-1.0,[]
179.0,det_north_2,0,0.0,-1.0,[]
179.0,det_south_0,0,0.0,-1.0,[]
179.0,det_south_1,0,0.0,-1.0,[]
179.0,det_south_2,0,0.0,-1.0,[]
180.0,det_east_0,0,0.0,-1.0,[]
180.0,det_east_1,1,100.0,-1.0,['flow_east_straight.4']
180.0,det_east_2,0,0.0,-1.0,[]
180.0,det_west_0,0,0.0,-1.0,[]
180.0,det_west_1,1,100.0,-1.0,['flow_west_straight.4']
180.0,det_west_2,0,0.0,-1.0,[]
180.0,det_north_0,0,0.0,-1.0,[]
180.0,det_north_1,0,0.0,-1.0,[]
180.0,det_north_2,0,0.0,-1.0,[]
180.0,det_south_0,0,0.0,-1.0,[]
180.0,det_south_1,0,0.0,-1.0,[]
180.0,det_south_2,0,0.0,-1.0,[]
181.0,det_east_0,0,0.0,-1.0,[]
181.0,det_east_1,1,100.0,-1.0,['flow_east_straight.4']
181.0,det_east_2,0,0.0,-1.0,[]
181.0,det_west_0,0,0.0,-1.0,[]
181.0,det_west_1,1,100.0,-1.0,['flow_west_straight.4']
181.0,det_west_2,0,0.0,-1.0,[]
181.0,det_north_0,0,0.0,-1.0,[]
181.0,det_north_1,0,0.0,-1.0,[]
181.0,det_north_2,0,0.0,-1.0,[]
181.0,det_south_0,0,0.0,-1.0,[]
181.0,det_south_1,0,0.0,-1.0,[]
181.0,det_south_2,0,0.0,-1.0,[]
182.0,det_east_0,0,0.0,-1.0,[]
182.0,det_east_1,1,100.0,-1.0,['flow_east_straight.4']
182.0,det_east_2,0,0.0,-1.0,[]
182.0,det_west_0,0,0.0,-1.0,[]
182.0,det_west_1,1,100.0,-1.0,['flow_west_straight.4']
182.0,det_west_2,0,0.0,-1.0,[]
182.0,det_north_0,0,0.0,-1.0,[]
182.0,det_north_1,0,0.0,-1.0,[]
182.0,det_north_2,0,0.0,-1.0,[]
182.0,det_south_0,0,0.0,-1.0,[]
182.0,det_south_1,0,0.0,-1.0,[]
182.0,det_south_2,0,0.0,-1.0,[]
183.0,det_east_0,0,0.0,-1.0,[]
183.0,det_east_1,1,100.0,-1.0,['flow_east_straight.4']
183.0,det_east_2,0,0.0,-1.0,[]
183.0,det_west_0,0,0.0,-1.0,[]
183.0,det_west_1,1,100.0,-1.0,['flow_west_straight.4']
183.0,det_west_2,0,0.0,-1.0,[]
183.0,det_north_0,0,0.0,-1.0,[]
183.0,det_north_1,0,0.0,-1.0,[]
183.0,det_north_2,0,0.0,-1.0,[]
183.0,det_south_0,0,0.0,-1.0,[]
183.0,det_south_1,0,0.0,-1.0,[]
183.0,det_south_2,0,0.0,-1.0,[]
184.0,det_east_0,0,0.0,-1.0,[]
184.0,det_east_1,1,100.0,-1.0,['flow_east_straight.4']
184.0,det_east_2,0,0.0,-1.0,[]
184.0,det_west_0,0,0.0,-1.0,[]
184.0,det_west_1,1,100.0,-1.0,['flow_west_straight.4']
184.0,det_west_2,0,0.0,-1.0,[]
184.0,det_north_0,0,0.0,-1.0,[]
184.0,det_north_1,0,0.0,-1.0,[]
184.0,det_north_2,0,0.0,-1.0,[]
184.0,det_south_0,0,0.0,-1.0,[]
184.0,det_south_1,0,0.0,-1.0,[]
184.0,det_south_2,0,0.0,-1.0,[]
185.0,det_east_0,0,0.0,-1.0,[]
185.0,det_east_1,1,100.0,-1.0,['flow_east_straight.4']
185.0,det_east_2,0,0.0,-1.0,[]
185.0,det_west_0,0,0.0,-1.0,[]
185.0,det_west_1,1,100.0,-1.0,['flow_west_straight.4']
185.0,det_west_2,0,0.0,-1.0,[]
185.0,det_north_0,0,0.0,-1.0,[]
185.0,det_north_1,0,0.0,-1.0,[]
185.0,det_north_2,0,0.0,-1.0,[]
185.0,det_south_0,0,0.0,-1.0,[]
185.0,det_south_1,0,0.0,-1.0,[]
185.0,det_south_2,0,0.0,-1.0,[]
186.0,det_east_0,0,0.0,-1.0,[]
186.0,det_east_1,1,100.0,-1.0,['flow_east_straight.4']
186.0,det_east_2,0,0.0,-1.0,[]
186.0,det_west_0,0,0.0,-1.0,[]
186.0,det_west_1,1,100.0,-1.0,['flow_west_straight.4']
186.0,det_west_2,0,0.0,-1.0,[]
186.0,det_north_0,0,0.0,-1.0,[]
186.0,det_north_1,0,0.0,-1.0,[]
186.0,det_north_2,0,0.0,-1.0,[]
186.0,det_south_0,0,0.0,-1.0,[]
186.0,det_south_1,0,0.0,-1.0,[]
186.0,det_south_2,0,0.0,-1.0,[]
187.0,det_east_0,0,0.0,-1.0,[]
187.0,det_east_1,1,100.0,-1.0,['flow_east_straight.4']
187.0,det_east_2,0,0.0,-1.0,[]
187.0,det_west_0,0,0.0,-1.0,[]
187.0,det_west_1,1,100.0,-1.0,['flow_west_straight.4']
187.0,det_west_2,0,0.0,-1.0,[]
187.0,det_north_0,0,0.0,-1.0,[]
187.0,det_north_1,0,0.0,-1.0,[]
187.0,det_north_2,0,0.0,-1.0,[]
187.0,det_south_0,0,0.0,-1.0,[]
187.0,det_south_1,0,0.0,-1.0,[]
187.0,det_south_2,0,0.0,-1.0,[]
188.0,det_east_0,0,0.0,-1.0,[]
188.0,det_east_1,1,100.0,-1.0,['flow_east_straight.4']
188.0,det_east_2,0,0.0,-1.0,[]
188.0,det_west_0,0,0.0,-1.0,[]
188.0,det_west_1,1,100.0,-1.0,['flow_west_straight.4']
188.0,det_west_2,0,0.0,-1.0,[]
188.0,det_north_0,0,0.0,-1.0,[]
188.0,det_north_1,0,0.0,-1.0,[]
188.0,det_north_2,0,0.0,-1.0,[]
188.0,det_south_0,0,0.0,-1.0,[]
188.0,det_south_1,0,0.0,-1.0,[]
188.0,det_south_2,0,0.0,-1.0,[]
189.0,det_east_0,0,0.0,-1.0,[]
189.0,det_east_1,1,100.0,-1.0,['flow_east_straight.4']
189.0,det_east_2,0,0.0,-1.0,[]
189.0,det_west_0,0,0.0,-1.0,[]
189.0,det_west_1,1,100.0,-1.0,['flow_west_straight.4']
189.0,det_west_2,0,0.0,-1.0,[]
189.0,det_north_0,0,0.0,-1.0,[]
189.0,det_north_1,0,0.0,-1.0,[]
189.0,det_north_2,0,0.0,-1.0,[]
189.0,det_south_0,0,0.0,-1.0,[]
189.0,det_south_1,0,0.0,-1.0,[]
189.0,det_south_2,0,0.0,-1.0,[]
190.0,det_east_0,0,0.0,-1.0,[]
190.0,det_east_1,1,100.0,-1.0,['flow_east_straight.4']
190.0,det_east_2,1,31.61185017809771,14.620393252167135,['flow_east_left.3']
190.0,det_west_0,0,0.0,-1.0,[]
190.0,det_west_1,1,100.0,-1.0,['flow_west_straight.4']
190.0,det_west_2,0,0.0,-1.0,[]
190.0,det_north_0,0,0.0,-1.0,[]
190.0,det_north_1,0,0.0,-1.0,[]
190.0,det_north_2,0,0.0,-1.0,[]
190.0,det_south_0,0,0.0,-1.0,[]
190.0,det_south_1,1,1.7053749269706486,14.125021334889627,['truck_south.1']
190.0,det_south_2,0,0.0,-1.0,[]
191.0,det_east_0,1,34.265247927652354,14.592043841495034,['flow_east_right.3']
191.0,det_east_1,1,100.0,-1.0,['flow_east_straight.4']
191.0,det_east_2,1,0.0,-1.0,['flow_east_left.3']
191.0,det_west_0,0,0.0,-1.0,[]
191.0,det_west_1,1,100.0,-1.0,['flow_west_straight.4']
191.0,det_west_2,0,0.0,-1.0,[]
191.0,det_north_0,0,0.0,-1.0,[]
191.0,det_north_1,1,36.05602436263382,12.574860535161125,['truck_north.1']
191.0,det_north_2,0,0.0,-1.0,[]
191.0,det_south_0,0,0.0,-1.0,[]
191.0,det_south_1,1,0.0,-1.0,['truck_south.1']
191.0,det_south_2,0,0.0,-1.0,[]
192.0,det_east_0,0,0.0,-1.0,[]
192.0,det_east_1,1,100.0,-1.0,['flow_east_straight.4']
192.0,det_east_2,0,0.0,-1.0,[]
192.0,det_west_0,1,40.39195293885314,12.37870327183533,['flow_west_right.3']
192.0,det_west_1,1,100.0,-1.0,['flow_west_straight.4']
192.0,det_west_2,1,40.03934242600735,12.487717572385193,['flow_west_left.3']
192.0,det_north_0,0,0.0,-1.0,[]
192.0,det_north_1,1,0.0,-1.0,['truck_north.1']
192.0,det_north_2,0,0.0,-1.0,[]
192.0,det_south_0,0,0.0,-1.0,[]
192.0,det_south_1,0,0.0,-1.0,[]
192.0,det_south_2,0,0.0,-1.0,[]
193.0,det_east_0,0,0.0,-1.0,[]
193.0,det_east_1,1,100.0,-1.0,['flow_east_straight.4']
193.0,det_east_2,0,0.0,-1.0,[]
193.0,det_west_0,0,0.0,-1.0,[]
193.0,det_west_1,1,100.0,-1.0,['flow_west_straight.4']
193.0,det_west_2,0,0.0,-1.0,[]
193.0,det_north_0,0,0.0,-1.0,[]
193.0,det_north_1,0,0.0,-1.0,[]
193.0,det_north_2,0,0.0,-1.0,[]
193.0,det_south_0,0,0.0,-1.0,[]
193.0,det_south_1,0,0.0,-1.0,[]
193.0,det_south_2,0,0.0,-1.0,[]
194.0,det_east_0,0,0.0,-1.0,[]
194.0,det_east_1,1,100.0,-1.0,['flow_east_straight.4']
194.0,det_east_2,0,0.0,-1.0,[]
194.0,det_west_0,0,0.0,-1.0,[]
194.0,det_west_1,1,100.0,-1.0,['flow_west_straight.4']
194.0,det_west_2,0,0.0,-1.0,[]
194.0,det_north_0,0,0.0,-1.0,[]
194.0,det_north_1,0,0.0,-1.0,[]
194.0,det_north_2,0,0.0,-1.0,[]
194.0,det_south_0,0,0.0,-1.0,[]
194.0,det_south_1,0,0.0,-1.0,[]
194.0,det_south_2,0,0.0,-1.0,[]
195.0,det_east_0,0,0.0,-1.0,[]
195.0,det_east_1,1,100.0,-1.0,['flow_east_straight.4']
195.0,det_east_2,0,0.0,-1.0,[]
195.0,det_west_0,0,0.0,-1.0,[]
195.0,det_west_1,1,100.0,-1.0,['flow_west_straight.4']
195.0,det_west_2,0,0.0,-1.0,[]
195.0,det_north_0,0,0.0,-1.0,[]
195.0,det_north_1,0,0.0,-1.0,[]
195.0,det_north_2,0,0.0,-1.0,[]
195.0,det_south_0,0,0.0,-1.0,[]
195.0,det_south_1,0,0.0,-1.0,[]
195.0,det_south_2,0,0.0,-1.0,[]
196.0,det_east_0,0,0.0,-1.0,[]
196.0,det_east_1,1,100.0,-1.0,['flow_east_straight.4']
196.0,det_east_2,0,0.0,-1.0,[]
196.0,det_west_0,0,0.0,-1.0,[]
196.0,det_west_1,1,100.0,-1.0,['flow_west_straight.4']
196.0,det_west_2,0,0.0,-1.0,[]
196.0,det_north_0,0,0.0,-1.0,[]
196.0,det_north_1,0,0.0,-1.0,[]
196.0,det_north_2,0,0.0,-1.0,[]
196.0,det_south_0,0,0.0,-1.0,[]
196.0,det_south_1,0,0.0,-1.0,[]
196.0,det_south_2,0,0.0,-1.0,[]
197.0,det_east_0,0,0.0,-1.0,[]
197.0,det_east_1,1,100.0,-1.0,['flow_east_straight.4']
197.0,det_east_2,0,0.0,-1.0,[]
197.0,det_west_0,0,0.0,-1.0,[]
197.0,det_west_1,1,100.0,-1.0,['flow_west_straight.4']
197.0,det_west_2,0,0.0,-1.0,[]
197.0,det_north_0,0,0.0,-1.0,[]
197.0,det_north_1,0,0.0,-1.0,[]
197.0,det_north_2,0,0.0,-1.0,[]
197.0,det_south_0,0,0.0,-1.0,[]
197.0,det_south_1,0,0.0,-1.0,[]
197.0,det_south_2,0,0.0,-1.0,[]
198.0,det_east_0,0,0.0,-1.0,[]
198.0,det_east_1,1,100.0,-1.0,['flow_east_straight.4']
198.0,det_east_2,0,0.0,-1.0,[]
198.0,det_west_0,0,0.0,-1.0,[]
198.0,det_west_1,1,100.0,-1.0,['flow_west_straight.4']
198.0,det_west_2,0,0.0,-1.0,[]
198.0,det_north_0,0,0.0,-1.0,[]
198.0,det_north_1,0,0.0,-1.0,[]
198.0,det_north_2,0,0.0,-1.0,[]
198.0,det_south_0,0,0.0,-1.0,[]
198.0,det_south_1,1,34.90096446533357,14.326251656931715,['flow_south_straight.7']
198.0,det_south_2,0,0.0,-1.0,[]
199.0,det_east_0,0,0.0,-1.0,[]
199.0,det_east_1,1,100.0,-1.0,['flow_east_straight.4']
199.0,det_east_2,0,0.0,-1.0,[]
199.0,det_west_0,0,0.0,-1.0,[]
199.0,det_west_1,1,100.0,-1.0,['flow_west_straight.4']
199.0,det_west_2,0,0.0,-1.0,[]
199.0,det_north_0,0,0.0,-1.0,[]
199.0,det_north_1,1,23.068743145339,12.444161518256388,['flow_north_straight.7']
199.0,det_north_2,0,0.0,-1.0,[]
199.0,det_south_0,0,0.0,-1.0,[]
199.0,det_south_1,0,0.0,-1.0,[]
199.0,det_south_2,0,0.0,-1.0,[]
200.0,det_east_0,0,0.0,-1.0,[]
200.0,det_east_1,1,100.0,-1.0,['flow_east_straight.4']
200.0,det_east_2,0,0.0,-1.0,[]
200.0,det_west_0,0,0.0,-1.0,[]
200.0,det_west_1,1,100.0,-1.0,['flow_west_straight.4']
200.0,det_west_2,0,0.0,-1.0,[]
200.0,det_north_0,0,0.0,-1.0,[]
200.0,det_north_1,1,0.0,-1.0,['flow_north_straight.7']
200.0,det_north_2,0,0.0,-1.0,[]
200.0,det_south_0,0,0.0,-1.0,[]
200.0,det_south_1,0,0.0,-1.0,[]
200.0,det_south_2,0,0.0,-1.0,[]
201.0,det_east_0,0,0.0,-1.0,[]
201.0,det_east_1,1,100.0,-1.0,['flow_east_straight.4']
201.0,det_east_2,0,0.0,-1.0,[]
201.0,det_west_0,0,0.0,-1.0,[]
201.0,det_west_1,1,100.0,-1.0,['flow_west_straight.4']
201.0,det_west_2,0,0.0,-1.0,[]
201.0,det_north_0,0,0.0,-1.0,[]
201.0,det_north_1,0,0.0,-1.0,[]
201.0,det_north_2,0,0.0,-1.0,[]
201.0,det_south_0,0,0.0,-1.0,[]
201.0,det_south_1,0,0.0,-1.0,[]
201.0,det_south_2,0,0.0,-1.0,[]
202.0,det_east_0,0,0.0,-1.0,[]
202.0,det_east_1,1,100.0,-1.0,['flow_east_straight.4']
202.0,det_east_2,0,0.0,-1.0,[]
202.0,det_west_0,0,0.0,-1.0,[]
202.0,det_west_1,1,100.0,-1.0,['flow_west_straight.4']
202.0,det_west_2,0,0.0,-1.0,[]
202.0,det_north_0,0,0.0,-1.0,[]
202.0,det_north_1,0,0.0,-1.0,[]
202.0,det_north_2,0,0.0,-1.0,[]
202.0,det_south_0,0,0.0,-1.0,[]
202.0,det_south_1,0,0.0,-1.0,[]
202.0,det_south_2,0,0.0,-1.0,[]
203.0,det_east_0,0,0.0,-1.0,[]
203.0,det_east_1,1,100.0,-1.0,['flow_east_straight.4']
203.0,det_east_2,0,0.0,-1.0,[]
203.0,det_west_0,0,0.0,-1.0,[]
203.0,det_west_1,1,100.0,-1.0,['flow_west_straight.4']
203.0,det_west_2,0,0.0,-1.0,[]
203.0,det_north_0,0,0.0,-1.0,[]
203.0,det_north_1,0,0.0,-1.0,[]
203.0,det_north_2,0,0.0,-1.0,[]
203.0,det_south_0,0,0.0,-1.0,[]
203.0,det_south_1,0,0.0,-1.0,[]
203.0,det_south_2,0,0.0,-1.0,[]
